STRING,OUTCOME
FDECIHCHD,NO
JAABBDEIADCDEDCJEFH,NO
IADIECHHHBJHHCIFFH,NO
CDHDHBGEJ,NO
EBDFHEEGEHCGFAJHFDII,NO
GHHFEHDIBCF,NO
JBHCGE,NO
EJJGAIJGCIFHBJGCHFB,NO
HDGIGBDBIAIG,NO
HHEEHC,NO
FJGEAAJFAFEH,NO
ACFIDCDGEFDCECGFIIGE,NO
BHCHHFFCIBFGHCBC,NO
JIFGFJCBDGAB,NO
HIHJGAFHFHEC,NO
JFGIIDBIEDGICCDHICC,NO
EEJAIIHD,NO
IIGGGEJHG,NO
ADJGHICIAHHFJJICA,NO
CGGBHGIA,NO
CDJGIGIBF,NO
AEIGAIEHBDDHCCFCFHB,NO
IEHJAECIJJIJGFCFEHH,NO
GFFJIIBHDBBEEBFJGA,NO
DHGJGEIIA,NO
BCAJCCADIIBJFEECDFF,NO
FFGCGGAGJH,NO
CBCHGBHCDHIHAGCACF,NO
GDGJAACJBGDIFAE,NO
AEDGCFGD,NO
CDJFAFE,NO
BIHFHFJGIBA,NO
DDBGGBGIFAHFCGEHEBC,NO
JJIAEHIBDFAC,NO
DFFGFFAAGFACCJJIEGDC,NO
EFGGAAJFBCGGF,NO
EDEIJFFFGGFC,NO
AGIEJADBBEEIEAE,NO
GJHHFCJEDHEFACB,NO
ABDFHJIFFECEG,NO
EGCFAEJCIJHCDHBIF,NO
JFJEDFDHBABDHIBG,NO
IIBDIADHJBICDIDA,NO
CHFDBDAAC,NO
BJCDHBJI,NO
BAIBBIECHGGGJDDDECJ,NO
FIGBJBBIEBEDGFH,NO
JDDCGGCIIIJBHJCDB,NO
DCABHDEAFDA,NO
JAHCCAEF,NO
IIFCCG,NO
CCJDGI,NO
ABFIDADBBFGCCE,NO
ICGACFBGJFGJHHF,NO
GGGCBIHCIDBAGII,NO
JDJJGEEDAHAHF,NO
ECBEEEBBBFJDJA,NO
DIJCIBCAG,NO
FGJHCGDBAGFG,NO
JCCHHAHIEHDHJDFBED,NO
GHBIIIIBFFDDJGGHGDJ,NO
HBBJBIIFFHC,NO
IAFIHIFAICCEFC,NO
HEABEIJJFDJCCHCG,NO
CEDHJABIHDEABAIHDC,NO
GHCDEEHBAJFHF,NO
HAJGAIEIEDCFAH,NO
HEEBGHGGCIECIDGBAIJJ,NO
CFBGCEJEB,NO
GECJHDBFDH,NO
FCJIDFIBFAJBECABHBE,NO
BEEICGDF,NO
HCDIHDAFECC,NO
IJIABHEDDBJDCFHBDGJD,NO
BHBHCBEJIJI,NO
EGADCAEGGA,NO
JEDBCBIAJIDCACADHF,NO
AFIHGI,NO
IBECBEJAFBDJAHIEBGEG,NO
EBBBEJHJIBGI,NO
CDEIFE,NO
EEIDAFDGEDHIIABFAI,NO
AGBBAHECIDDHGCA,NO
GIBDBHDECIA,NO
ECGFJAJ,NO
BGCABEH,NO
GDHECIA,NO
JGFGCE,NO
BEADJCDAEAEFA,NO
ICJJII,NO
DFAGHHBFJJJBB,NO
FAFHEHCFFIIIC,NO
CCGBJCCG,NO
FCAAGEAGCGDA,NO
EFIBCACGFD,NO
AHCIIIEDJDBJJGBE,NO
JGJJDAEBECJEJGHDH,NO
IECICFDEAJIJF,NO
GIDEIHDFJCICGGEAEEBE,NO
ECJCDJFFJDJBH,NO
DDBJDJDADJABAAEGGB,NO
BCGBIGGDIEGJDDC,NO
IFCACGH,NO
BDFFIA,NO
BDFDBDHFDHBGEF,NO
JGFGJHAFDFJDBEG,NO
ECFGDFJEIDEHEGBEDJ,NO
CDGJJGDGCFHHDADAF,NO
EHHAEHECDFBIJAAGG,NO
CGBCFHJFGFIAJADFI,NO
IIHFIICGAFIHDCFGEG,NO
FGHBFJEEBDJCHFJF,NO
GACDGAJGEBHHBGABCAH,NO
JABIFFJ,NO
BDECCADEAFAI,NO
IBFJACA,NO
ECFCFEC,NO
DDIICAHADDFIDCDHFHG,STEAL
CCFEBGBFBHGCFFAACEIC,NO
BEIHJJCFDFJCACAGG,NO
HEGEGHEIB,NO
IBEHGGDECFEEFHFICBEH,NO
GACIDFJ,NO
DFIFCBGIIJCEHJDFA,NO
IIDBHCCBAACD,NO
DFHDCDDFGGIAAJ,NO
EADHJCBBDF,NO
AEJCFEAHCDHAJJBGFJJF,NO
HBAFCAJIGAFFBA,NO
DCHJHEFIIGFBHJ,NO
AEIABDD,NO
EGJFBCHBEJBFHI,NO
DEGGBCEHIFFH,NO
HFFAIBEFBBIFJBEJI,NO
CCGAFIGADJHHF,NO
FCCHIDCDE,NO
ABDJJDC,NO
DEFJDD,NO
IHGIDBIADAFC,NO
HCFFIIFJGBDECEGBEFBG,NO
GBCDEGBFHGIBIGFFD,NO
JEGFJCFDJGGABHJCBGBC,NO
CGBHJGFBGBCDHDEH,NO
AGGACEEHGJAFE,NO
CGGCBCFABFIBAEDEJC,NO
IEABCGGHII,NO
HCFBFJDEGAG,NO
DBIHIAAB,NO
DCFECBJII,NO
IGBCDACEGJFEDHDJFHG,NO
AAHIGH,NO
EIDFIJCGCID,NO
HCDICAJIFF,NO
HJAFDDFAJICGGHBEBEAE,NO
IGFDHBBEDABCD,NO
BBHDECFJDBJEJCHCJC,NO
IEDGDJHEJCGIBABHAJ,NO
FABDAGIF,NO
CCAJECDG,NO
IEICCHJHCE,NO
HJCIJCBIFIJJJ,NO
CJFDHEFGBAB,NO
BEEEBEHIDDBBGFAGDB,NO
FEBEJIJAH,NO
GABACHEBGDEFJA,NO
IBDAHJDICBFEJCDA,NO
IIIGCHAFIJFFFBFA,NO
IIEDDGBCECIFDB,NO
FIFHBAFDICEBCGIGCIIA,NO
GDBDEGBIIFBHBDECHG,NO
BIHCGCHBIEJFDBJ,NO
JJDFJHHGAJCBCBBDIC,NO
GHHDGDAC,NO
IAACDC,NO
IBBCHDAGEEJEGJAFEED,NO
EFEGAEGJDEHDEJEFGG,NO
EAJFFJIFDJACE,NO
GIBDBCHAAEJEJHEB,NO
BGGCGEJJJJ,NO
JBDBBGDHAIJJ,NO
HEIBGJDBCFJHDGGIBEH,NO
BGAGGA,NO
FABDJFHFGFACHJD,NO
GDADGGEHFDIDII,NO
HJFBHCDIBGFADJIHGAG,NO
ADCEGADGBHAAHCHA,NO
CGHDFCHIADDDCDFD,NO
DHIJGBIC,NO
FCGAIHHBCG,NO
JEBHEHBGICDFFDBBHB,NO
GIFFICDA,NO
DFHBHDJABHCFG,NO
CDGFAIEDG,NO
BGFFCGADHIHGDADHAJB,NO
DHDFFFEC,NO
FGEEIGECFABGG,NO
AHJCCG,NO
JDHFBIHD,NO
AHFEFIHBGEGIIAJGFJHD,NO
IBEDEJH,NO
DIFBBACGAGDBEFJ,NO
IBADHFFJCB,NO
HBCHIAFJ,NO
JEIIFGFBCIJAEBADBF,NO
HAGFJEIBAFJIIFDHJ,NO
FFBGJJIHHEJBGBEIJ,NO
HFCIHAJDDFEGGEII,NO
HDDHDABGAHGAAJAEIG,NO
JHIDHGAIEGHE,NO
EGEDBBJDCCJBGJAHF,NO
FHFEGEFHGC,NO
FHDAJIGJIFG,NO
FEBGGECGCI,NO
EEDAFFGHFDEIDBIC,NO
AEIEDAI,NO
BGDHAGC,NO
FCBHIEDABHEJDHGAHJI,NO
FGBCBEJBBFJAFI,NO
JGAFCE,NO
JGAIEHF,NO
IDAJBBJC,NO
ECIBHBJGF,NO
EEDJJDEBJFJC,NO
GAFCAJH,NO
GIEFAJGJIJEIFHFCECJA,NO
BEFIABIJGHIHFJFFCJA,NO
GEFFEFACABBDAA,NO
DGCGDFEDBF,NO
CJJEFABAEFFCBHDHII,NO
ECCAAEAHIF,NO
GBCJEAABHAHDCIDBJE,NO
HHAGCAHGG,NO
CAIJGIABDIDBHAFGE,NO
JBDCJJEGJDIIIAEC,NO
CGEIJFEACGJFFBJA,NO
BFGFGG,NO
DBEGDBFGFBEGGHG,NO
BHIIBEDCDFAIAFD,NO
ECHBCBFJBBGJ,NO
GCCCDJHJDFHIGBFCDEG,NO
ECDJBCBDF,NO
GICFFJC,NO
HEIGIGDAJIFDBECI,NO
GFFIGCAFJCHEFBBJBF,NO
CGBDGAFDEEGEBHD,NO
EDFJDJFDJFDGEGIABHIJ,NO
GGEHGFEABGFEBIEF,NO
EIBJCDFEHFAGC,NO
GJHHDBIEAGGHIGIC,NO
IIEGIBFEBDGGHGJI,NO
DHIDCBFEJHDBACJI,NO
IDGHJDDEJCEJCDFHIFI,NO
GBABHC,NO
EDBHGDBHJIB,NO
GGHEGFIAEBHCBDJD,NO
IEIDCB,NO
DBJJEF,NO
FJAEEFGDBBIHBDIFFA,NO
EEGBFACH,NO
JIJIDFHBEAJ,NO
JJCEFBCAFJC,NO
HAHEGGFHADBGJBD,STEAL
HAABDIHGADIBAFEBIFC,NO
BIDABG,NO
AIBGIIEIFBHI,NO
EDBDAJ,NO
IEFFJGADEGDFJIFJ,NO
ICJAABICBFFAAB,NO
BCBBGGBB,NO
DGEJEAB,NO
CEEDIIC,NO
BAFHDDAIAEIDHF,NO
AICIJFFEH,NO
DGEHJIADJDABE,NO
IHICHE,NO
IACJGDGIGICCH,NO
BFCEJCHCJHEBIF,NO
EJFECGJDAJFBB,NO
BFAGEIGEDEGEGD,NO
DCDJIBFGDF,NO
EGFGFJG,NO
IFDBHGBJBED,NO
AEIHIFBDHCJFAD,NO
BFCBBJJAID,NO
FIGFJCGFADA,NO
FIFEJHAEBE,NO
JGHJECAHDGIDDFEJJDF,NO
AAEIJHGDIBEEECHJAIHC,NO
BHBDBABBFI,NO
JCIAEGD,NO
HCJBJEEEIGHDIGFJJ,NO
JBGHFHEBFC,NO
AJJHJJGHEIIC,NO
CDAFGBFFHJFHDHBD,NO
BEDEJEJIFI,NO
DEGHDGFIFBGIEBI,NO
ACGGAAADHFDECEDDCF,NO
ABGCHEFGF,NO
CIEBCGHJCF,NO
BGEIDGDFFAAB,NO
EDIGJJEAGEBFDG,NO
FGHEAHI,NO
JAGJCDJDFAIG,NO
IGFDEFFEJG,NO
DHFJAFC,NO
AHJHHBG,NO
HFFAAJHIBAIDF,NO
GEEGHIJGHAIE,NO
IEEHAHFDIHIFCEGGCF,NO
FHGAIJHIEDDFA,NO
CIFBHHHGAHCAHJCJHG,NO
HFEAEJFEGGDACF,NO
HFAIGGBG,NO
AFIEBCACBCDI,NO
EGAEEGJGFBECGIEEI,NO
HCJFBAADBGIJ,NO
DCJFJCCFICDHGGE,NO
AHAHDDBHEA,NO
EEBCJFIHBCCCGGI,NO
JCIBCJC,NO
FBEBAABAF,NO
CABCHDBIEECDG,NO
AIAJAEHJDFJCFDF,NO
BAHFDCFAHAIFDHJBGJA,NO
IJEJEJIHHFJDIH,NO
HIIEHDHJB,NO
CIGIJDFCEBCCDDJ,NO
BGBCAFFAH,NO
EEIIGAHIDAJHAE,NO
HEEIAI,NO
CIGIEJJDIHAJAHFD,NO
BAFCJIBEA,NO
CJHIDEJFJEBJ,NO
FHHIGF,NO
DDHDCEEAHAJ,NO
AHJFDABCICB,NO
BAHCFFI,NO
IGFDBDEB,NO
BGFCEBHAJIJAI,NO
FJIGHEFDDBFJG,NO
GJIFFAEE,NO
BEGHGIDAADIFIJH,NO
GGDFACDFHG,NO
BIDGFCGIHGBEGJIGEABB,NO
BAEDIFBDFFIGHIHCJC,NO
FCICBHFGGIDBAF,NO
BGGJDDCEJJBHHDHC,NO
EDBDIAEGDCCFFGFDGC,NO
HGFIJBIBEAB,NO
JBDAJCFIGDDJIIBDGG,NO
EDJHBB,NO
JIFEFAADF,NO
ECHGAJ,NO
FEGIFIBEGIFJI,NO
JHFBEGIHDDGEAADFEHB,NO
DCIIEBIEGJHDFEE,NO
GGIDICHBBIA,NO
CJDDCDFCII,NO
EIBBBCG,NO
GCJIHCIAJHIIFHFDEIF,NO
JEJGFFG,NO
CAAGJIDFDIBIEDAHG,NO
BAFIFGIDAGBCABH,NO
ADCJACCGIJHFJCH,NO
GCICAEGHBIJIE,NO
HEGFFJB,NO
FAFDDGEDFBGGBJHFC,NO
DHADAFHCHBF,STEAL
GDGIFEJC,NO
IBIDBBHGEIDEEIAFF,NO
BFJHBDAGJGFDJJAHJ,NO
HADDEBBHEIHHJIJJBH,STEAL
AJEDFHFIACHJEHE,NO
AGIHGGHJIJCIFCBE,NO
FCBFAJHC,NO
HJDHEHFGBADHJEDBHCC,NO
HFJHFGDFG,NO
BFCHAIEJDHABJGDABDI,NO
FBDFJCAJIAHIJFDCF,NO
HAAFGDCEJFFBBJFB,NO
IFJHGFHCICBFDCDCJHB,NO
GAEHFECEHHDAACFEH,NO
FFDCJJJIHBGIHADF,STEAL
BCBICDDAGI,NO
FIEEIBGCACBAGIICDDC,NO
CJJIBEECHIEAIBDIFA,NO
BBHCGBFCJCFEFDIHEFJC,NO
GFEIHBICAH,NO
JIEFEGHJBEHHBE,NO
GJIAADEGD,NO
ABCGEDFEBBDHIEJAFAEI,NO
BCAADDHEBEHJCEIDHBHD,NO
EGDBIBDGGGHACBIE,NO
EFIGIEDCHAHBCIIEFH,NO
JADBCBJEFBDJ,NO
AADHCBBFJBEB,NO
JAFBDGBH,NO
CFIDIGJBB,NO
JFADHAI,NO
CJBJFIEEHDCCHIIG,NO
BEABIBGAGEDDGFH,NO
CJJHBHAIEHHGIH,NO
EEHJJF,NO
AIIDHIICEFIF,NO
BJCDCG,NO
JBBCJIJFCFF,NO
HFEAFG,NO
GEAAGBAABHJDEFH,NO
JGGFGIGIFAGBBHIH,NO
ICDDFCGCFADDAHJI,NO
JCBABEDCIJJEEBD,NO
HBABJGCCHHBJ,NO
AGIJCDAEJDJDCJFEGF,NO
ADBEDICCHCFADCFF,NO
EJBIBEHCDAIG,NO
HBAIHCAHDE,NO
BDEEGE,NO
JIHIDEAAHBIJJBACGEAA,NO
CFJEJIF,NO
FBADAGDFGAIB,NO
FJCFGE,NO
ACFHHEEAEHBJJEFCAAHH,NO
JJGJGHCCJHFEFJADCDHE,NO
IJDAEGAFHJHBH,NO
EFJDFGJABCCJHEDBB,NO
EJGBEFBHJDFIBCHIDDDB,NO
JEGAGAGBGFAJCFF,NO
CEHAGCBFDGBHB,NO
JDCBGBHEBC,NO
ACCHGCAHEA,NO
CDHCBFGFCFEG,NO
GBFDFBBCIEGHHHE,NO
ECIGBHBIEGFJHCDGE,NO
FAAFECECAHGIFG,NO
EDBBGGDJCBDGCAA,NO
BECHJGGJDICGF,NO
HGJBDJJFHBB,NO
CAGIDG,NO
AGCBHDEJ,NO
CEEBCBFAEIGAA,NO
BDEJGEJEEHIGFCJCBGEJ,NO
IIDCGFBBGEGHBIHIF,NO
ADIAFAJGJIDADJBGEGB,NO
BJDGGAEFFIFDDH,NO
JIBCFEFIJHD,NO
BDHEICCA,NO
BFFCFFAI,NO
HHACAHGGDCDEHIEIGD,NO
JFGHIJ,NO
IECIBJJDH,NO
GHCDEFHJDBFAGEBG,NO
HBGIJHABFI,NO
FFBEGAD,NO
EEGBDDJIHGEIE,NO
HJDJJFFFICGBB,NO
BEIDIJ,NO
HHEIHH,NO
CHFAABB,NO
AIAGEBBJFAIEIGH,NO
ACFBHBCDDHBBIJJ,NO
IDIIAFFGDIAE,NO
FGAGEGIJAAI,NO
FAGBHDIBEGGFED,NO
BEFECFG,NO
IDIDFDI,NO
IHEBEJAAGDF,NO
IFDAAECIJH,NO
HIEFCAEIDJ,NO
CBJGBIADICAJEBFICFIH,NO
CDEFGAIDFBBDAHCIHJF,NO
CBCFEC,NO
DEJIHAE,NO
CEBHHGACFG,NO
HGJJCABBHIHI,NO
JGIHDAFAGDBIGAAGBHI,NO
JIFFGDBCDDCCAIIEEA,NO
JCBEGDE,NO
IIBAFADH,NO
CEBEDIGFGIJFF,NO
IHGGDHBHFGJBHFJEHJ,NO
GIHGAEFFAFAHAD,STEAL
JCFBJHHIAJFCAEB,NO
JGCCACDJAC,NO
EDABJAEJ,NO
FGDFGA,NO
GCCGED,NO
AGJEEBHJCDDGCC,NO
ADAGIDHGJDHAJJFF,NO
IHCBICF,NO
DIEHEFCHE,NO
CBHBFE,NO
FDJFIJJEGAEABFEJA,NO
BACGGAI,NO
GCDEDDIGCBFE,NO
ECBDDJDHGEHAC,NO
HIHDGIAA,NO
GAGAAFJDBC,NO
CDFIDGDHFCCCADEHEEC,NO
GCCJCJHACJECEJD,NO
IACEJHFDABDBAFEJHJG,NO
EDAEJFFJHEBIFGHDJH,NO
CHHGIABDHHAJHBJI,NO
CIFFFIDA,NO
GFHDJJGA,NO
DGJDJBAB,NO
JDGECGABIFEDIFCG,NO
GHCHHFIEIG,NO
HADEDDBB,STEAL
GJJDFFEB,NO
EFDEFAHFBFBGEJEBJ,NO
IJHBDAIA,NO
EEIJEBJIHCCC,NO
JBIEFJEADIBD,NO
CGGCIFAADCBJFF,NO
GGAGFGABH,NO
DDEAEGJCBJHCEGCFJHHJ,NO
DICBGFHCBEGDJHCACAJ,NO
AFJDHACEEBCGBECJ,NO
JHIGGFADA,NO
EEDJAEACFFDHFB,NO
IAGHFEFIEJGIAEGCI,NO
DFCIJCJJFEDGDCGEBA,NO
GFGJEHHHIJBCFGIEE,NO
GCDFAIHDAI,NO
IFDGDEEADIA,NO
EJHGAAAIJA,NO
BIFDEE,NO
IIHDCDEGCIIBJG,NO
EBFGHHBJCI,NO
DJFJJCGBFFDHCCA,NO
GFBIBIACDFJCA,NO
JCHCAECIBEIHEFCJD,NO
AFJJFBCJHDFGBIAFG,NO
CHGIJBCC,NO
JFGEEBADHBJHFCHJDC,NO
DEJGGIEDDE,NO
JABGGEIA,NO
DEFIGIFHAB,NO
BJDFIHJAEFHIEJJFHC,NO
IADBHGGGICHCGG,NO
IBHDHADFDA,STEAL
DBHHBAHCJA,NO
CBDFHHIFGGCJFDAGEHB,NO
AACHECBBCB,NO
JEJAFJJIHADE,STEAL
CAAAHJEBHFHJHH,NO
JBAAFIIA,NO
BCAGGEDFCCD,NO
AGAEJIAJIFIAJCIE,NO
AJIFADBFGBGGGACDFIHC,NO
EJFIHDBCJJB,NO
DDIBJJHICEJEBBHDHG,NO
CHDGJJCIJBEAC,NO
GJGIDGIGFEFEIJDCCJAI,NO
GIBABHBBHJGHGF,NO
ECHJIIGCAAGBAAEJHGIJ,NO
BBEHFH,NO
HBADAJAGEFAHI,NO
IEBIFCEH,NO
BGIDCEFHEJBAABGHH,NO
FDFFFGCBHIF,NO
FEJDBDBJCEICHJBFIIBH,NO
EGJCAAHB,NO
EBCEEEEFCAGBFGJICBJA,NO
FFGFDGBD,NO
EEEFBJ,NO
IEIJGJAEICGFCBFDC,NO
FGDGIDABG,NO
FCBCFDFDGACHECFJAFC,NO
EACAAGDJJACHBEBEG,NO
GEDHBFFCAGJCDEBD,NO
CIJECJGCFDHDJBIFABE,NO
DJABAGGCDHBC,NO
BFCBCBFECDAIJ,NO
CDDGCHDBBBIC,NO
FCFDDFAHFHBIAIBHJCDH,NO
DAFCCHCJGECBECFIBGBE,NO
HHBGJDBBICHDDGDAD,NO
FEJFEBHCDD,NO
IAHBEDJJEHEDC,NO
EGDFBHDHBIHDCA,NO
CHCGECBDBGHF,NO
JJBHJFJDDE,NO
JDIGEF,NO
AJFHEFEBCEA,NO
GJJACIGFHEBBBEE,NO
CIICIACGCJAFJGBJDA,NO
BBCCAAHEGDJBFA,NO
HJJCCAFIEGBHH,NO
FAEJDECFGC,NO
BDBCIHGJJJJIAB,NO
FJCFJGAIFJECFGIFA,NO
DIGDAFHFEGBJGIABBBD,NO
AGEDAIACGJ,NO
EBIBAJIADI,NO
EFHFFCA,NO
FAFHFF,NO
HAICHECHC,NO
ECCFEGJBBG,NO
HIBHCEFD,NO
IJFGEAJACAJIDCJ,NO
ABEDEIAIGCDAIIGAH,NO
EDHIIDAEDCJABFHAABH,NO
EACAGFGFJHFFGEHDFF,NO
HGGDJJBCJDAJ,NO
CIBGHHEIJ,NO
EJIGJIIGBAFDAFDHIHEA,NO
EBDHEGGCHDIFIEBD,NO
HAFAGBJJIAEEDDED,NO
IFEHDBFDHDCHB,NO
DIJCCJBBJCCD,NO
CEGGBAEJCAHDGIAD,NO
HBAJHDFCAGC,NO
CHDCDAAEBJI,NO
CAIHEGEF,NO
FFGAHCJFADBGABII,NO
HBCIEFBAEGCEEJJH,NO
HFGCEEDIGIDGDEFFEAB,NO
FAADFFDHGHGAHAEFFA,NO
DBIAGHFEC,NO
CJCFBFDBBEHCGAIJDGFJ,NO
AFCJEIJGJA,NO
FCADGEDIHEACCAACG,NO
DCJEJIHDBCG,NO
FECEIBHAGECEIFAJAF,NO
FFFHGFJJGDIJ,NO
IHCCFCHGA,NO
CDEFJAC,NO
EFADAHFI,NO
GIHGIJIHIDHH,NO
EAADGFGHGJJ,NO
EBBBJIHCGC,NO
GHJCADAHHECHDBFC,NO
GJBDDDJBDBHCGHCF,NO
IFJCCAGJADGCFBBEFC,NO
FIAGEF,NO
HHJBEH,NO
DBFHJFHAFBBDGAAFH,NO
DGECCHCACDAGBADI,NO
CDIJFCAFEJC,NO
JGAFJFCGIGGJ,NO
AGCADAIGBDICA,NO
IHHAHFJCGBFDBH,NO
EJGIBAJCFHJHCBIDD,NO
DHEBGECHBIEICEG,NO
CDCIEAFEIBDFCHHAFEE,NO
GICEAIFI,NO
JBFIIAGDCDBGAEGJIHB,NO
EDJBGIJIHAB,NO
DEEDHCA,NO
AGAEGCCEABDJFJIC,NO
HBGDCFBBEBJAFEJGHC,NO
IFHJCDBEGFFIAJB,NO
EIGGHICIFAJDE,NO
IBIJIBHBDD,NO
GDJGBJEDJ,NO
JHGEGCEG,NO
EIFBAFE,NO
FFCIEIHCDACHEIB,NO
DDAJAIHBCIDJCGJA,NO
BGDCGFAHDCJ,NO
JCBFCGDIHFHEABD,NO
DDABJGIFCDABEC,NO
HGFDCFC,NO
GAAJADGEFF,NO
IEBJCBDCDIDAG,NO
DGGHGEGIABIE,NO
EJCAIJD,NO
JFFDEBEFB,NO
AGIDGFJAIFCF,NO
DBCIJHCAEEFCBG,NO
BADJFBCIJIDBJI,NO
HCBEBBFB,NO
BJFJBBCADGICJIDJGA,NO
JFJFHABGEIFBC,NO
DGBDEJDGIH,NO
ECJHBIIGBCI,NO
IEJEFEFEFG,NO
EGFGEGIABDB,NO
FEGCDHAIIBCE,NO
CECHJBFADAFBH,NO
DDDCBDBEGC,NO
EICEIABHIH,NO
AGBGGCDEJJHBBCEBIF,NO
FFEBFBEDCFCGHBCIHB,NO
BIFCJIAJBJEA,NO
HJGFDI,NO
AFHFBDCIJ,NO
CGGCCBBJFCGCJCIIF,NO
GFBDBCJAGCIDIA,NO
IFIBFBCCJEIJEHD,NO
EBDJIECEEDCIJDBJEI,NO
IJECJADDJAJEGJH,NO
EHFJBFD,NO
CJJJHHCHEIFFHHBIFEBH,NO
AHHABDEEEBCGJCJHBIJC,NO
GFAHJDHHICEIFDFJ,NO
GBJIFCDADBHBAFHDIDC,NO
HCGBEEF,NO
ADECICBAGFCHADEEJFF,STEAL
JACAJBAEEGCHIBHH,NO
DBIDCADCCI,NO
BDIIICHHFJE,NO
ABFJBGIJF,NO
AEEAFDBAGAAJDIIH,NO
EIBBDDHBII,NO
BIGGFJCJAFFDECDGEDAH,NO
HEEDJEJJIG,NO
IDCDJHICFHEAIEF,NO
GIDAEIJBJCEEJJFHB,NO
DCHDIAABBDGE,NO
BFDDGDEE,NO
BACBEEFFDJGJCFJCBJFE,NO
EGEHIJJHGEDAAGHJHIH,NO
JGCGCIJBIEDDFGJD,NO
HAEIHACCCHHIBCJHFIGI,NO
ABGEBEIFDGGEBJFFCGH,NO
BBBEJEFH,NO
IAEDBI,NO
FACCFBEIFJFEFHCJI,NO
CIIIBJIHCB,NO
IHAEFCCIBGFBHFFFIJCG,NO
BGJAGEAEJEJ,NO
BCJFJABGI,NO
AHGIHFIAACGB,NO
BIAIADHBBAEHIED,NO
BFJBCIBEFHJ,NO
ABBFEII,NO
AHIHDIGDIAHJJI,NO
FEJAFCBAIJACFIFC,NO
EIAJACHG,NO
FECBJAI,NO
BJAHFBFDCHHB,NO
HIBIJE,NO
JEAAEHGH,NO
JFAAABIJCADF,NO
AEDCBCBHAACJFAHAAAFJ,NO
DDDJFIJ,NO
IDBEJEEEHGCGJDHIJA,NO
HJHGFI,NO
IHHJDJJDFAJDABIDHHHF,NO
IDBEBCAGCBBJCBAGGC,NO
IHJCDIGEGGIJAECJD,NO
GCGFFBCEEFFB,NO
DGGICFEDGG,NO
CJJHJFBJ,NO
DHFBCJCCBFFHIC,NO
JDBIBBGCIHIG,NO
FBFFCH,NO
ECDAGFHJJAIAJCD,NO
CJFBGHIEBFIHGC,NO
GGFGGEA,NO
HBBEADJBAEACJI,NO
GDEJIHJHHDA,NO
GBGGEGCIFJBHDCHEDHCB,NO
FEHHCHGIIACBGFBH,NO
FAFBEJABBFIG,NO
EICCFCBDGAAFJGHEJBGI,NO
BEFFIDIEDD,NO
DJCHGBADHHBCEICB,NO
DCCJEGFJBHEHG,NO
HIFJJBG,NO
AECIBBHDEHBDEHHHFD,NO
JCEAFAGIHIIBAFJHJAFI,NO
GFDEGCCJBGFAFCDHGAAF,NO
IBDAHGAIEACJDA,NO
BACGFCGJCHABGEDGH,NO
HGGEEJCHFJJEJDGGBGC,NO
HEJFGDEAGGEDF,NO
CHAEJJ,NO
HCBAIHABEBBA,NO
HEABGBCD,NO
DJGHGJEG,NO
BBEEDIECHAAIFAGHE,NO
IFHAJHC,NO
BJDEDBHIIHFFHEGD,NO
BEDDCCF,NO
BBAHDDEBIBAG,NO
FDCDEIHG,NO
IGAHADCBBBGJJG,STEAL
BIEFBD,NO
EADHDHIHEDBJEGFJII,NO
FGIJEJ,NO
AGIDHFBABDJCIDEFE,NO
CFHIICD,NO
CBFEGBBDFADF,NO
AGGEGCBBAGJEFI,NO
IDDGCDI,NO
JDHCCJEBFGIHBFIED,NO
EDAEDDEJCABGD,NO
BBJIDAHIEAHGGGH,NO
JECJHHDCDJJ,NO
EAIFGJEJAAJEIBCJFCHC,NO
CEAAJHEHJ,NO
ACFAIHIJJJBIAHGB,NO
CEBDACBCCEBC,NO
FAAADIDGGCCFJB,NO
CFCDJAD,NO
EGEBBDIBFHBACEGF,NO
DDDIDFIGFHBEAEAHDDH,NO
HJAEAFJHBEEEGJHGFAF,NO
IHCFDADE,NO
IGAGIDCCEDEGHAF,NO
GCIAHF,NO
HGIBEGADHBJG,NO
HJBBDDDHFIDECCHED,NO
CBAGAFBJBFHDCJFCGFFB,NO
IBCEFJCHGCAHFIECFEI,NO
IDEGHEIEIBGD,NO
FFDJBCJEHCGAIEDF,NO
IJJGCAEF,NO
AFCACGJIACA,NO
JDIBCJFJAIG,NO
FJHEBAEDBG,NO
CBIFHGIAFDFEIEF,NO
BGJJGACCFJHDHJCFAH,NO
DHBGHFGGBDCGAHECBBE,NO
JDJAJJB,NO
EBEIADHIBJABEHCJH,NO
IDAEAIDJBCJCECECEEII,NO
IHJFHJBFFHGGJG,NO
EBJEFEEAG,NO
GBAGBDDICEAGBG,NO
HGGHHBJHJGFDHCJD,NO
FBAFHEEFCH,NO
CCAAHDCIEHJI,NO
EIDDIFJI,NO
EFGIIFIECCDCI,NO
JGJAHBJACDDJD,NO
IJCGEADBE,NO
IBHHCJF,NO
JAIEFJ,NO
CEDFGBEAGCGCEJDCIG,NO
GCGJIJJGDBCDCEEHF,NO
GGHJHCFJHJE,NO
CHDIIDGHAJDF,NO
FEFGFAGEJEIEAACAB,NO
DBGEEABEDFIDBHHJ,NO
IAAJEJCIIHBE,NO
HADABIFGEEF,STEAL
DFBACEFICGAIBJE,NO
IFIFGBCIBACGDI,NO
BHIIEJ,NO
GDJCFBJHE,NO
EDHBADBDEADJCACBHGAI,NO
IEEHJDDEDICED,NO
ABCGBEH,NO
GGICJHDGCDI,NO
DHHDGHGBEBJB,NO
GEIFBHFFHAFBFHIHCE,NO
FIJFBHIJ,NO
GHICDFCIGA,NO
FEAJEHB,NO
JHDEEFGBHBFJABEFIG,NO
IHEGECH,NO
BCHFDJG,NO
EFJGHBJG,NO
CFAFJHHCAAA,NO
CADICIICBFHADAEHADEI,STEAL
IFBBBCGHHIGDC,NO
AHJEIHG,NO
HEAIBBBEGJGCCBHJED,NO
CAEHJFIG,NO
CJCDGDFAHG,NO
JIBHGCGAEI,NO
CCGEIDGCHIJA,NO
CJBDCAFGCFF,NO
CBGDCAHHGAB,NO
HGBAIEIAA,NO
IGABGDCCJDAGBHD,NO
ABEFBGJGDFFDDFIDB,NO
CAFCJGHBFIGEIHBFHF,NO
EBIGHHGHBDHHCBJFHCJ,NO
ICCHHEJEIBHGDAE,NO
JDJBDJJFECHBCGG,NO
IFHJDGFJEEIFBCB,NO
HEJJAIHDHGECBJGFHFEB,NO
IJCJBJACAHIGE,NO
EDIGJEHCBIJJA,NO
FIEFBEIBCD,NO
GJFCICAGHEDBJIIAFBF,NO
GBCJAECFFAJEA,NO
JAADFGCE,NO
BBDHBIIAGD,NO
JBIDDACAHAAGHGICGAA,NO
JDCDJAIBIE,NO
CIHFIHEFGJBFFEEIDDJA,NO
AGCHJHCJCEJC,NO
IICFHBICCFFIDFBDACIH,NO
CACIAIJFBJBFJIBBB,NO
JJHECGGDEIEG,NO
IAABCCGCDJE,NO
CEFGBFAIJBHJEIG,NO
EEJCHJHHJ,NO
GAGDAJHCCJEEHCE,NO
CJICFHADI,STEAL
BCHGJBECICIDJDIFIH,NO
IBCCCHJHHGFDAHHA,NO
IGFAIJGC,NO
JJFHCCIAB,NO
JBCIEGJA,NO
CJDHHCF,NO
ECAAGBEED,NO
IAJECACCICJB,NO
GIGHCCFH,NO
IEDHBBICHBD,NO
JAEAGDCF,NO
EHGDIBC,NO
CAEHIGHJ,NO
BJBBBIJHDCC,NO
BDADIGJCGHHHA,NO
IIHIJFECHGGCCGJHE,NO
FFEIJDHAEADEIEDHH,NO
GHACHAIDIEHFAH,NO
CBJBGHBBEII,NO
GJBEJAHEI,NO
BAIEIEBJ,NO
JCFCJACCGBIABAD,NO
HBFJDEICEADIJAB,NO
BBEHAADEBADG,NO
FHFDFFFEFJGBFCDDHJA,NO
IIHBDCBFCEH,NO
ABAHHIAECGEDEGCBBBE,NO
IAHIEACD,NO
GIEGBCGFBAEHCI,NO
BDHEAGICGGBFBBDDIFE,NO
HAHIIAJJIGIDFHAIE,NO
HJFIHEEEEHHAHG,NO
BFJEBJHF,NO
IHGJBEBFBE,NO
IDIBFGDFI,NO
DJACIHC,NO
FBFEIDBDBCBDIJICAG,NO
DHCJGFGDDJ,NO
HDEIGDJ,NO
ABEAFHFHBHCFIBI,NO
HGHGIJGJDGBAGJBHIGAD,NO
CJIGIBJ,NO
CEDIDDEHCDDIAJF,NO
HFDDDFIBJBAGEDIBJGC,NO
AGHIFDFHDCBJFBIF,NO
EBCAFGAJA,NO
HDEGHEIEIBGCIJIFBDB,NO
EFIIBDFEGHBJICIFDFCH,NO
FDDIJHECEBBBJGAEHI,NO
EIAFGEAEJIHGJFGBBDJD,NO
HJFFJDCCFBCCBE,NO
GEBFJHIIHJFBAHDCHDA,NO
EEEFFDIGACIJI,NO
FIEHGDCFEDIIIC,NO
AEACEDIGBAH,NO
GAJEEGIHDJFCEE,NO
AEEAEJEIACEAADDHEH,NO
GHIHGBCHFJAHHFBHAHG,NO
HJDBJIFEIFAEA,NO
DDDIFEFDHFCHHDDFID,NO
JIBHAGCBAEABIGGCGCIH,NO
JEDHICJ,NO
FDIIHDAHHHE,NO
EFCIGJBFE,NO
DIJAIGEGFAAGI,NO
DGJHGGDFFHIGII,NO
AFJDJICJEBFBIFCJ,NO
ACABIGIBEFAH,NO
BFIEDJB,NO
IBGCCJFBACEAJAFAJCAJ,NO
GJAHDEDABJJF,NO
BDFGACEHCHIGEIHIJ,NO
BHIAHJDIFJE,NO
AHBGICJC,NO
HGEEFJ,NO
DAFDACAHFEC,NO
FEIHECFCICAFCF,NO
GJCGEDFJEFGHIFJ,NO
DADAIDIDI,NO
CAJIFDADHDJG,NO
AEGBIEAFJCBBCHDF,NO
FIJEHCGHJC,NO
EGDBEHDEFHIJII,NO
IHBDIJJDEDICH,NO
JAFDIHBCDBAHGJICAGH,NO
AIGIJCFIABIEBIEAHFH,NO
DAAJIBBJIAJGDBCGCEII,NO
GJBFGHDJBJJEFDGJCJA,NO
AAJIGHCGACIDDBJJIIEG,NO
BBEDGJCCGBCG,NO
HIABEFJFEAIGBAHIICC,NO
EEFCCAGFCEIAEA,NO
DDDBCCGJECD,NO
HFFBHGEDAHFBJDFAJF,NO
DJIGIHEDBECHJEHCHGE,NO
IHEIJDEDBCBCGCFFF,NO
CGJABFBDI,NO
HEJBHCBDDB,NO
DICAAIBDIBFCJAHJ,NO
DAAAIBGBAAJGIGEHJF,NO
JFIDBBGACFBDEACBJG,NO
IHGGIECJDAJBJAHEG,NO
HFBFABBD,NO
JBCHHJIE,NO
ECICGDH,NO
EDGHCBCJADEG,NO
ICCDDCBCEIFAJBFDCBDD,NO
DFFHAFHAGEJGJIBIIF,NO
EEDAADBFDBJDFDAJB,NO
FHEGIB,NO
IDCFADACJABGIFFGID,NO
AFJBBH,NO
GEEEAIHGGFJCAGD,NO
AJDFIFCFBFJEGEIGJJF,NO
JHAFFEIGGACBFHGJHHJ,NO
GBBJFIDFIIEGAAFAEB,NO
DHEACHFCFBBBEFJE,NO
FHGEDFB,NO
BHGAEEEEAICD,NO
BDCAADCDIBJEHFBDAIE,NO
JJGJGFE,NO
EFJHBB,NO
JFCBGIIEBDCBBGB,NO
JAAEECBFDFHE,NO
FDDIFFDIDAGADGBIIG,NO
AHBBCFEGF,NO
FBJDACBBDCAI,NO
CDDDIDIADIA,NO
EBJBFAHIEBI,NO
ACBIFGJ,NO
JBHCHCIACDEAJEBEAGE,NO
AICABCHGGGB,NO
ICBIDBCIDDIAIF,NO
IEDAEIIECEAEEE,NO
HBHECDFCAACBGEA,NO
DDDCDBEHB,NO
GFEAICEGAJACDGF,NO
IBCBGH,NO
DGIIEJDFIH,NO
EHDEHCDDAJDGCADAJ,NO
AGIEJEEHGBDHCHCBJ,NO
DCEFDC,NO
JAJCJFFGBDHCDBFFCE,NO
BHGBFBAIDBBJBAJFD,NO
DCAEEFAGEDEJAGD,NO
BAABJBAEFIEB,NO
ICDCHBCBA,NO
GBDBFIHCEAGFCHHJCH,NO
AHIAEDCGE,NO
AEIFDFBHBGGGGFGGI,NO
CJGIIE,NO
GHFDJEFHFEDD,NO
HIDBJEJDGBFCEB,NO
FGHACHFCGGHFE,NO
JADBFFJAAAA,NO
DBBBGHACIFGJCEHCDDI,NO
CDCDEA,NO
CGIDJJ,NO
HGEFCGAFI,NO
BIIDGJA,NO
IIJCHDGGGJAICBB,NO
DBEHBDEEGJH,NO
IFDIDDH,NO
GEAGJFFDAHECEJG,NO
IGAJDFJABEIFFJBEBAJ,NO
FBICDFIHHAHDIBCAICID,NO
FCBCGAG,NO
IBIBHGGI,NO
DJAJBAJFHBGJHB,NO
JABICFJA,NO
FABIHIGICBIB,NO
HFGGCJIJ,NO
HGAAHDHFFBDCFAEFI,NO
IEAJDAADHDDHDBJCGGEE,NO
IJJGIGGGJHBJJAGCH,NO
CHGDICHCDEBDIFF,NO
HIFACEEFDJHHIFC,NO
EEDEDFAAJCDJDBAGFHG,NO
IFIDDBFFII,NO
FGIGID,NO
JAGDAHCHAFACDBJG,NO
JFDEJGACIGAIEE,NO
CJFAJIJEGGIFDI,NO
CAIJGICEGDDCCHEAE,NO
ECFHBBADEJAGB,NO
BDJFJHFJDIFEDCAED,NO
CEFDECBAHFCFEIDBF,NO
IJCEIGDFCDIIAC,NO
FHEDGFCDFBCEAFHHFGA,NO
JIBDGAFJEG,NO
HEIJFIEICGHHBFJHBI,NO
IFBJFFGFAIEC,NO
BGGDCGCFDHHIIFAAJFF,NO
JJGDCIDDDAIJGAGBDDDJ,NO
BGJFIJIJIH,NO
IGDIHHFBAHEBDAAB,NO
JCHIIGEDCCJHAGF,NO
BAFIHBFGJHHBH,NO
DEIIHHEDBGIDAFCE,NO
BBIDIDBGGDGEHCEHE,NO
CCIGGFDAFGHGE,NO
BHDIBCHCFACBBHGA,NO
DGAAIBEEB,NO
CJDCGEEAIGBGDIIG,NO
FABEBIDEBJIGDIE,NO
DJFCJIHDAHCGDBFBGCD,NO
AJGAEAECICDCA,NO
GJFEFABDEAJGDIGG,NO
GHHFAI,NO
CDBIHJJBIC,NO
GGADEF,NO
JGABBIBHIHDJA,NO
AGAEDHGIFHHEG,NO
FJAGCJIBHHEAAFAF,NO
CGEHAGDEJJHJHHAHA,NO
GJCAFEBE,NO
BHIJJGABIBGJBDGBBBH,NO
CDCDFBGJBJBACHDEI,NO
JDEFJHHEG,NO
EFEJIDGB,NO
GCJDGGF,NO
GGGIGBGABAB,NO
JFGFCEIBFABGBHH,NO
JHCDAIHJHEDFIGIFIA,NO
FDIFFEHBCHJCBA,NO
GEDFJHHBIG,NO
AJDCCE,NO
BAAHFCDCCAIAJADJE,NO
BAHJGJH,NO
HEGGIHHCDEGDBBF,NO
CJAECCDEHIEBIA,NO
CAGBCAAJFD,NO
DHCFDJJGJHBFJCBCEGC,NO
CGGDACCHCF,NO
GJBFBGBG,NO
HGBDCCHEBJFG,NO
CBGJBBEF,NO
GEGDCHHHGAACEAHJADD,NO
FJBDFJFBHGJICC,NO
DEDCEIDCFD,NO
BEBGJEHJHBJAI,NO
CFHEBFBJFEF,NO
AEDJACJJGBGBFFBIJ,NO
CDIDAHGCB,NO
AEHEDEG,NO
FIFGCHFICBACFHDGHJDC,NO
DIJJHCCHC,NO
AAJGGIEDC,NO
DJCFHAGFBGGHHH,NO
HIADJCFAIFCIBFJC,NO
ECGBFFIBA,NO
DEBGEFGIJH,NO
GJFDGFHHJJGCEJ,NO
AGFGEEJFADF,NO
JCIIIAEIHGABIFIBJHBJ,NO
JGEBGCJDBADAFJD,NO
JADHBDCIFGHGEHEAJJD,NO
IHBBFHCE,NO
AADGIEIJHFEFCCG,NO
IGBECGDAJH,NO
CFHGDCCCFGADB,NO
EBIDBCJJADGCFIIHAA,NO
EJHAFHBJ,NO
JDGIDJJCHCAHJHFGII,NO
AFBBFEAEGJF,NO
CGCJDEBGFB,NO
DAJHCGDFGG,NO
HAGBHHCE,NO
GBECFBEHEHJFBIJCBE,NO
ADFGJAJBBHABGEBEFEC,NO
GJDHCB,NO
HIHEGAIIEIIEHIIB,NO
FBICCDI,NO
FIDJCDEHIBBG,NO
IBBCFG,NO
GAIGAAICIH,NO
JHCJAJ,NO
FCIGAEBFAEEIFCDAH,NO
BDJCCBBGIID,NO
EBHAECHD,NO
AGCJEIGFFAFGDH,NO
JDJDGH,NO
EDIHFCFCIGBFD,NO
AIBIJDGBD,NO
JIIIEEHI,NO
FIEEHGHDC,NO
IEIDHFABAJIIB,NO
GAGFCHFEIGCFJH,NO
JCDCFGIAIJBHCFCE,NO
BEHJFEGJGCADADJCFI,NO
JDBEAID,NO
HFBICAHDJEGD,NO
BIAIIAHHJGGHBI,NO
GFADJH,NO
GCBFBJAB,NO
DADCJGCCFCDAGCIAA,NO
DBBAIAA,NO
HFBCDBGBAIFDBDC,NO
CBGJGHCCFH,NO
CJBDJDEIAFJHBFCIIHG,NO
GGADFIEJEIBFGDGDG,NO
BHEIECHEDAGHICFGECI,NO
BJBJJBDEHCDHBE,NO
JBABHCG,NO
HHCEFGDAGJHJC,NO
GECHBFGGF,NO
FGCHJBEIBFBD,NO
DFIEIHGBABJBJ,NO
EFDHAJIIHBHHFAGCH,NO
JIJCJDH,NO
IBDDEEBBIBHEGJ,NO
JEABAFIIFEACAD,NO
HJJECFCJFAAAJCG,NO
FHGEEFFHGGAGG,NO
FECABF,NO
ADBICHDJIGBF,NO
GIDEAAJBJADJFBA,NO
CJBCBAEJ,NO
BBGGEBAAHBGJCBFCHG,NO
CJGBCCIAJAGGHFJIADH,NO
DGIBEAGDIAI,NO
BDBIIBJHDJDBC,NO
EEIIFCA,NO
FEIAIDDIBEBFICJ,NO
JJDJIFDCGGJCBFBFAH,NO
BJFICBAHFIGDGDEAB,NO
IDIHHI,NO
ICFEIFEEJACGDDFJ,NO
FHEJCCHBIABCGFF,NO
ADHGBEGD,NO
HAGABAGHGEDGAJGJ,NO
ADECFIHFFHDDIGBJDBB,NO
GHIIBICBFFFDFEBA,NO
EAAIDCACFBDIFEE,NO
GEGIHJJDH,NO
AAEJDDJCBHJHJ,NO
BHJGBDIBADFA,NO
GJIJEDHHBFBGEJCDCJ,NO
IIAEJDGJJEHJ,NO
FGFCAJDAICGCII,NO
DCAJGFAIDIDEF,NO
ICEJJECHHH,NO
BAGCEIBJJIDDDJGDFFHD,NO
HFAEBDH,NO
DGFCADFBFC,NO
HGJFAIEFCFGBAAEI,NO
IDGIEBCEIIHEBCJI,NO
IHJJHGA,NO
HHFBCA,NO
EFABCJDFIGJDDEDGBGFH,NO
JIDJEIEJBH,NO
IBCAJDFCFGHIC,NO
FHAIECJAJFFEIFHI,NO
EGBCFF,NO
FHGBIEBD,NO
IJHAJEEFEIIFFG,NO
JHGDHHGDGFBCGDG,NO
BAGAFAACDHCDJ,NO
JDHGHAJII,NO
HIIBHABCGJ,NO
FAIGCGBDHGIIBAJJGJ,NO
HCAGBGF,NO
AAFIFCDIHJFE,NO
DGDFAIBHHHEIAJCHJGD,NO
JDJHHDIIB,NO
AGFIDHAJBDAABBJ,NO
HFFFBFABHIHG,NO
IGACFF,NO
JCCFCDHBIIJGA,NO
CCFCCDFHHIFDFJDHGH,NO
HIGJJIGACI,NO
GFDFIA,NO
JIHEBFJACHJCICG,NO
BFDFCE,NO
GHHIGJIIIHDBADDACHJ,NO
JAHIHIG,NO
AEBGGHBHCEBHFDHJ,NO
IEDEIHJHCB,NO
AAABBGJHFGHFCDDG,NO
JDEGFBIAEJHBHIFIDFA,NO
HIDEDFAHIJGHCIDDEIFF,NO
FCGGCAICGCABIJD,NO
AAHHJA,NO
FDFIACIBFA,NO
CDIDFDHGBAHHEHCF,NO
IHFJEFCFCJCJAJHF,NO
HDCIHDHB,NO
HJFIBEBJ,NO
DGEGBEJFJHAI,NO
HEJACDIBAAHH,NO
DBBJIJHHHEIADDJEGI,NO
AFGEAICFACDIBEGG,NO
AICEIGCFCJIJFCGBGEB,NO
CEDFGJBAAIDGBCG,NO
JADIFHJJHJCJBBAACI,NO
DEFECDADJGFJCIH,NO
BJCJFJDEAEDJBCGEEAC,NO
DDEGIGEADJIJHACF,NO
EBCCCFFJH,NO
HEGFAJHIDFHEACJD,NO
ADHBGEAGFAA,NO
EBCIEJAA,NO
IHJCCCCEDJEEEGJAHACI,NO
ACIGFJAAFAHHA,NO
JHJGBIGEFIEEFAGDGB,NO
IIAFBJIJFHGFEI,NO
EBIIDHD,NO
JBEAIHEDDJ,NO
CFDGIHEGB,NO
AIDGGBGHEA,NO
BJGEFBCHGGJHAJB,NO
GFFDGG,NO
GHGBFHEDCIFIGD,NO
BHDJDDGIJGGIEGJJFDE,NO
HCDEFEAEF,NO
AAAAJGA,NO
ACDDEJJGIAAJADECHEC,NO
GHHICEEGHHJFHJ,NO
BHIJGJAC,NO
EIEEACCHHFAJBDDJAH,NO
DIICIIC,NO
FCDDDHCBGJIBCBJCC,NO
IBICGAJGEIEBHDJEJAJF,NO
FCHEAAEGHBJHBGBBF,NO
BFCCIAIB,NO
EBIAGGA,NO
FICAFDEIH,NO
HIGFHCDF,NO
HBIDDEJHJGGHJEG,NO
CCFICGHEDAI,NO
IFGEIFFFICCJAAH,NO
BCFEIECGD,NO
GDJHBABCIJCFAGFFC,NO
HDGAIFEJGIJICGJG,NO
ECEEJCHIICHCAIA,NO
JFDIFII,NO
FGFHCAF,NO
HGJJFGD,NO
BJDBGGE,NO
HGADIGGI,NO
FDEAJAFICEFAFHDA,NO
HCDBGAJEADFGHDGEHE,NO
GDBDDCHEFCBEAH,NO
ICICBFBFDJEGEJDB,NO
JJJABJCFJEEC,NO
AHJEAAJAICIJBCAGFCB,NO
IBFHICDIAAFIBDJBJIA,NO
EBJIGCFCGDJ,NO
BJFHGCIEJJBCGE,NO
AEAJIFJDHBCEHCI,NO
FHFHDJDC,NO
EHFBDCEGFJIF,NO
IHHIAHDBCE,NO
JFFAJIFBICICAD,NO
FBGIBEDCIGBFGEJ,NO
JHBIHJEGGFE,NO
CBEEFDEEAFHGICI,NO
GHECGFIAIEGCBCFFJFC,NO
CJJHCCABGBFCCAFJDEH,NO
DHBBGAFFA,NO
GIACCJI,NO
JEGJFHBI,NO
BDHAECDGFEC,NO
HFDDEECJIHBCDIJEDHGG,NO
EGCEGCDBJJJD,NO
CGAICCCFIJ,NO
FIHJDDEBHI,NO
BACGJBACAB,NO
CHBEEGEJJA,NO
ECICIAFIAEDDFA,NO
GAJHDGCHICI,NO
ABDAADGF,NO
IHHEEHIEAAAHCBJAJ,NO
HBJHCJCEECDGIGJC,NO
GJFFJFFHJAFAHDD,NO
BJEHEEDDJBB,NO
JFICCHFHGCFIDAGDAEG,NO
JGJFBB,NO
CHAJDADAFAID,NO
CFAFBDEAEHBGBIG,NO
DAGEDDHBHIHHC,NO
CHJGHHBIEDGBBHAFEAE,NO
FCIEFJDJGHEA,NO
CIJIBGHGDBJFADIBAEDC,NO
JHEDFAFDGDHJIBJBDJJ,NO
FDGFCICB,NO
AHDJHFAG,NO
DBGIBGCBJFAFEGFAIAE,NO
IFGFGCEAJBHAIIBIBCG,NO
EIBJGIEECJJE,NO
JDADBGJHCEDDFBIBBB,NO
BADEFGDJ,NO
BFDBGCGBGEDAIECADCFC,NO
HCCBHIJDIA,NO
HBJEHGCHAGGCFBEGCB,NO
AFGIADECD,NO
DEABAIFGGII,NO
IAFHHGHB,NO
IDFFCCEAGFJAJD,NO
JHCIIFJBBDAEIDCD,NO
FHCCJCBADABHDECHF,NO
JAGBIGAEEEJ,NO
AJIIEHEGGBIFE,NO
GEAHJDHACEBHDJI,NO
JIGBCDHBIGGB,NO
JCJIFBAGAABHEGJCIF,NO
HECIAHIFAHDBG,NO
HJFGBHGGDAFJEIBBDF,NO
BCBBFFBJFJ,NO
BFFEDGHFHBFEADD,NO
EGGCAGHB,NO
HEFECAFJIAIDGFJIFIDA,NO
JHIBFIEADFCGHAFHIDBE,NO
HDICJECBCDDEEEGCD,NO
FHEFBHCAJB,NO
GHGBECAEJDDDD,NO
EHIAJDEGCFIDEGDHJFE,NO
EDGECAJHCCBHCGC,NO
JFDAIJBDI,NO
GHJGEIAHDFIAEJJAAEF,NO
BHEFCIBDIJAAID,NO
GFEBDHEGGFC,NO
CEIHEDGJAB,NO
GJHJCCHIGGFB,NO
EDGFEEAEHIJEH,NO
GEDFGHDAAJACI,NO
JBJBIIDBFGD,NO
GHFCEIHC,NO
DEJGIJICCJ,NO
EHAAAEEJGCJ,NO
HCEDBAGDBAAGHFFGEGF,NO
AGHGJFAFDAHIGDHCD,NO
JCEFCGIIGGEG,NO
IFACJE,NO
FIIHEJDFHHFCHGICJD,NO
CDJFFGHJEE,NO
HBEHDBJIBFBEFHFGIE,NO
BDCAHJAGFCA,NO
IBIIHJBDED,NO
IHHAIDI,NO
HCHBEFGJEG,NO
GHBCGECFGHEJAIDEDHEC,NO
GIICIG,NO
IGEIEHBECDB,NO
CABJHJBFGCIJHBF,NO
HGAJBAJIAIAGJDHHA,NO
IAIABGEHHFEB,NO
EJIAGGIFJFCAAEGEBDA,NO
IDAJACGJCBFA,NO
AJABJJEDHEFIAJFJJC,NO
FBBGBGIFDCCFADEAECH,NO
HFCBDDFBHCE,NO
DHCCJGHFABGI,NO
FHAHIH,NO
DICIJGBIHJFD,NO
CGBGJACFE,NO
GHAEFFGEHFHBBGJFC,NO
FCHFIFBI,NO
FGJBFICIDEAAEB,NO
IIAAHBAGCAC,NO
CAFCIBGBFJAADHCBC,NO
HJIDAIBJGEBEDA,NO
GFFBBEACDEDHCIAAG,NO
JDIGDICIACAFA,NO
BEDBEIJEAJCFJGBG,NO
EAAAFBGCJJFIDHEADIF,NO
JIEEED,NO
IFHGFABFCBGIAHHAECA,NO
CJJHIDAGGIEE,NO
DIEJCJDBFD,NO
HIJAJA,NO
HGACFGJFGBFICIIAAH,NO
JAAIGJ,NO
CEFIBIIEIHGIH,NO
ACFGBCDDEFGDAJHA,NO
ABGHJAFDB,NO
GFEEHDADGB,NO
JJHCFJIAEF,NO
GFDJHIGIACAAIJADHGHE,NO
DFBFCBIIE,NO
BHFHDG,NO
HHDDJCG,NO
JAADEA,NO
BHFEGBAHEEFDH,NO
IAJGACBIGFDGFA,NO
IEJFCCHJH,NO
DDDCFEACBFFDHF,NO
FIIJJEAFEGFJA,NO
AIGEAAGB,NO
IGGCBDCADHIBHEG,NO
HDHAJJFD,NO
JGIEFBFFHFDIDEIHIFJ,NO
BJFIIFEBIDAFHFICH,NO
ADHEIJC,NO
EDGICJJICED,NO
IEFHGGE,NO
HBHABJBIB,NO
BABACCGCHBCDJBJHJ,NO
DFIGAIHIFECDH,NO
BGBBGAI,NO
HGEGDBHEIAHGJ,NO
ECADBHCBBFBHAGB,NO
DBJBBJDJGADGJJFAAH,NO
IJGAGFIHGABGHHEBIG,NO
HAFEFBAEDG,NO
FBHAIIIAFA,NO
HIBFACE,NO
EIBJDJHHBHGGGADDIAHG,NO
HHFIGIEDB,NO
HAEJAHGG,NO
EJJEDBHIACIGAGBCBBGG,NO
EHDGIGIHDCDEHB,NO
EHJADAHACC,NO
DHDHJHJ,NO
BGBGDIDGBDCHIEABFI,NO
JIGBDGF,NO
IDGEHIHAHICFJAHHDF,NO
IGEFDB,NO
EGDCAGAJGCFIDFFACH,NO
CDHHAD,STEAL
FICIJIAIFHG,NO
HBHCGC,NO
BADBAGFCIHGDCCJCB,NO
JEJIAFBAGHDIBGFIHI,NO
CCDDAFIHFJ,NO
EGGEHEEGFEJ,NO
CBHFIADCCAAGEH,NO
HIEJEGEBEH,NO
ABDFBIJDH,NO
JDCJBBJACJGFBFHIIIH,NO
GBGCFG,NO
HJEBAJECGCEJA,NO
EFAHBJBCGBF,NO
BBHECFCIBBDEIDAGFHH,NO
IBFCJIFECECDFE,NO
IHFGBDIGJCIEABHB,NO
FCGHAEAHC,NO
ICCJIJA,NO
JFBCBJBIGCIBJFBAA,NO
FHDFBED,NO
CIGFBGFDJBH,NO
JDGCDFBIHDIBAD,NO
FIBHBDCFIEIEAB,NO
BJGICEGFBH,NO
DACDFFDJBEJEIADDEA,NO
EJHEIADDFDBGJFHJHF,NO
IHFGDJ,NO
HJAADEGAEC,NO
IGAEGCBEJJFJHC,NO
DCGFJDFJECE,NO
BGHDDIEFD,NO
JGGDIFACJCHAICECCFEJ,NO
BDBBFJFJBGJIIACA,NO
FHAJJDJFFGEGCFGGICHG,NO
JFJJEGFJIA,NO
EGHAGIIABEFCHJIH,NO
JJAEDCFDGEGBDHAGBH,NO
AEABAABE,NO
IGJGIEBDCIJGBFCHDBF,NO
FCAAACCIBBGDBGJHJDI,NO
FAEEEBJIFBFBBFIGBAF,NO
FDBDDA,NO
DHIJIA,NO
HJDFJHDHEDBHE,NO
ACGBCIGJIGIHC,NO
FABHDB,NO
JJAHHACAIGDGECHGFBF,NO
BGIEAIEJDHF,NO
JIIDACHJFFJFAFGC,NO
IEGAFFBHIEAGGBHHGEJD,NO
FFDEGGGFHEGFAHB,NO
IEIDFFCIGCHDC,NO
BHJJJGGJCG,NO
CFGFGI,NO
BCGGGA,NO
FBACEIJDCJDG,NO
FGJGGHFHCGIADAAJHJ,NO
IAJIIGJAGFCHICHJHD,NO
FHCJCHDCFHDAEDCJG,NO
DEIHEGCFDFGAFF,NO
EIFDJJHAHEBDGAGHB,NO
BBDECA,NO
JDBDCED,NO
BCACJAJDAJGAG,NO
FCHHDF,NO
FAGIICBIJAFEHJHBBABC,NO
IBHFJIIAG,NO
IFEGBBGABD,NO
HJGJHHIJJJAAGFFAEDCB,NO
IAEBEGCBEHAJFGB,NO
CJJGBCJDAAGEGCGEBCEE,NO
CDDAJEG,NO
CBAFBAAE,NO
CDEEBAAE,NO
AHFEIBGAJJDACDB,NO
FEEGCHA,NO
CEGJJEFDEHGJIJE,NO
FDDFFIFJAHFEFDIGFC,NO
DHFEFFCHFB,NO
FFFIBIHCBHEAJGII,NO
EFEGEJDABBEFGGAGDGC,NO
AFAFEEHAIHDDDJBJE,NO
GBAEAEIGAAAAG,NO
GEEHJIFHCHGG,NO
BFJBICJDICFBIE,NO
GACHDIHE,NO
HCFGDJGHFDBE,NO
HBHACJ,NO
IIFIHCJEEAIHIGECBHB,NO
HJEIJHA,NO
BHHAJHE,NO
JJCGGDJD,NO
JIFGAHBFDDBIIACFFD,NO
BCHAJGBHCAJDIEIHDBI,NO
CBHDEBFBBJBAHGFDGIIH,NO
CGAAAHBBAJCDAIEE,NO
EHDAHAFFBCBGHGJFEJ,NO
ECHGAHACG,NO
EFGJEIIAEAHJ,NO
GBGIDB,NO
ICCHIDCABGIHFGD,NO
EJDCHHFCEA,NO
IHJDIG,NO
GGDDBHIFBDGEJ,NO
BBBGIDIHEDC,NO
CBBBFJEHHFBEFFBJF,NO
GHBGGBFE,NO
BCBIJJBIFCDADHHIFH,NO
BGCCECCADAIAHDIJEJDB,NO
JADGBJJECGIEDC,NO
JJEDIEAGDFGCHJHC,NO
BDFAIDIEGEFHJAJA,NO
FICJAICGJGFGBHAGA,NO
GCIJAAAHFADIJ,NO
EICEFDDJEECHHDGEACG,NO
CEDADB,NO
HFAGDJAIEDACAEI,NO
ADABBE,NO
DJEHJFFH,NO
IDEEDJFDHBD,NO
BIAIJJFFHGJ,NO
JCIAHAJEGDJEG,NO
JHBJIAHICFG,NO
EDHCIFHIBD,NO
BHIFEDADEFIIDHG,NO
JEJEIIBGJDH,NO
EABIJBEIEDDEHBCBG,NO
HCEJIJAJEJJEJGBDC,NO
JJJEDJAGBJACCHI,NO
IEDJJHEI,NO
EJBIADF,NO
FIJCAIGADJEJBDAGC,NO
JCIFCAGCAI,NO
CDHBFFBCD,NO
BBBCJHIEBGGAAIBEEB,NO
CICGIBFIJCDFFHAFJI,NO
HECCIBAHEFFIDAGBE,NO
HEACJDEAH,NO
AGHJCAGDI,NO
IEHDED,NO
FCAGAGCHJEJADCAHJ,NO
CFJBEGBIHBCFCB,NO
GJAEGB,NO
BBCGDFHHEEGJGCIHFGAD,NO
GGEDBBIFAC,NO
FJDGIEBEI,NO
HJEJCHDGCCJDDDHBIGA,NO
BFDGBBDEIDJIH,NO
IGBDDIEBDGFCFD,NO
IDCABEHGHGF,NO
CDGHJBFBHC,NO
DJIBEGGHEFHHIADFJDH,NO
IDIFDHAIEI,NO
IAJEAEEH,NO
BJFFCEBCHGFAIHBH,NO
DECIHIHAAJA,NO
CAEFIEJBFGHFJFDFH,NO
ACACCHFBC,NO
FDBIFDABGEIJGACADCE,NO
JCBAEIGHHAG,NO
GAAIHCDJAHJDJAFIE,NO
GBDDAFFDH,NO
IAADFHGJDBFIEGFAFGJ,NO
GHCFDB,NO
CJBFJABJFEAJIA,NO
IJBJBIDDHFJAFEGBGB,NO
BJIJFIFBBEGCHABCECA,NO
AGEDFFCFFG,NO
GBBIFAHCDADGJCBJH,NO
EFABGGHBEGCGCCF,NO
DEHAFFBCFD,NO
GEJCJEGEIDBGFJCDE,NO
GAEEBGHDACJI,NO
GAJCDE,NO
FGBFFHDIFEEEEBJAJBJI,NO
IGIIABHDADGBJIBDB,NO
DAJCIBGEBFBACHGAJH,NO
IFHDJIC,NO
GFGACIHGBGGDCGBAFAB,NO
GHHHFIBCIJDCIDHA,NO
DJBHBGEDJ,NO
JHHJJEFCJB,NO
FJCGIGGG,NO
ACFHGCCHEGJICG,NO
HIFGBCI,NO
FDDCFDGJBAEADGHI,NO
EHJAIIEEIFBB,NO
IEHHCDAGJHIIB,NO
JDJEEFJIFGDHIEBG,NO
AFBGJCGJICGB,NO
EEICJCHDGHCAIECFH,NO
CAJHAEAFCCEEBD,NO
JFHFAF,NO
GBIEGAD,NO
JIGFCGACHCDAIE,NO
FCBJEGBGEIC,NO
AEGEGEGCEEJAECGIAH,NO
EHGFEDIC,NO
HBJAJFIEBFIDGDA,NO
EFCCBH,NO
AFAHCBFCDJEAIDFC,NO
DJAHEBCIDFCBEDGF,NO
IAGAAEHFJ,NO
GICJCDGJE,NO
EBJAIECDF,NO
FCDDDG,NO
ADFIFBBEAGAEGF,NO
IDAHDJBIFFCA,NO
CJCCFFGE,NO
CIAGCBAJAEFF,NO
BGEDBDGJEEIGBFJJH,NO
FHGJHEEACFHGJBCD,NO
CBEGAFHGCEABBJJ,NO
CBHJEEFDFBJ,NO
HHHADJAFBCBCFABE,STEAL
JIBGHHAEEHBIIBC,NO
IIJDEBJGJDBIG,NO
FFEHGIBHJAJEH,NO
DHJCIFHJ,NO
AIHIIEBFIGBF,NO
EFGHDJ,NO
CEEADCJCEDAJCF,NO
ABAJJBDDBIEJGEBDIDF,NO
CDEBEIIDJJDJG,NO
IJIBJHFJCJHJDJADGIG,NO
AHCCDFHGGG,NO
CCGCDICDHCF,NO
JJAAGGBAEFFEE,NO
FDBICEFJFEI,NO
DAIFAFIJGCCAJHH,NO
DIDCCA,NO
JAEFBA,NO
BGIHCJFCAJBBDCBIE,NO
JFFJBDJFEGEJDIGDD,NO
CCBFAAEDJFGDFAICBD,NO
HFCDGBFGIHAIFGBDB,NO
IJIEEB,NO
FJJJEGD,NO
FDEEGFHH,NO
AGBFFJ,NO
EDHHBIFGCBEBBGJCG,NO
EBHHJGGICE,NO
EGFBHD,NO
CACHCHDBI,NO
IHBDGJDAHCCDFICIDFG,NO
JJJCJFCAFBGIE,NO
DCAIBFCFACJ,NO
CDFHBJDFCI,NO
CAIECCICDCBDEG,NO
CEBBJGAJ,NO
JDFGCAHIGHAIHDC,NO
EEGJCIGFJA,NO
DGDEIJDIGIHAEIEHICCB,NO
FIIIEBI,NO
DGBFIHBDJFFFHH,NO
DCHIBBHBGJBGI,NO
BCICIAABFFBADEGAIIE,NO
GDCJJGDJ,NO
GBEDGAEDA,NO
IIFGHDEHCHHEFCDFFEHD,NO
HEGIEJHBDJBEDFGIA,NO
CBDDJBFDCFCGDIJBC,NO
IJEFIHGFGDEGFCIGB,NO
JHDIICDAECGBDHAGF,NO
CAFJGBDCA,NO
DGCGGDHCFBGCFCB,NO
ICIBDFCAIDEEB,NO
JABFIDAGIDGIBJAIDBCF,NO
IBEAIAAJCJDHEF,NO
AHCJEGBFACJGJEB,NO
JBBIBGAGADG,NO
JHGIJFFBHFIBBBFA,NO
BBHCFCJADAGBB,NO
CIDFBCDHIHAI,NO
BGECHFAFBGCGGFG,NO
CJAIACGEAFHFAFCCI,NO
DHEECIHGBJDABJE,NO
EICAHGADIAHCJF,NO
BCEDIHDEGBDJJBEHF,NO
BAHBIEJEAFDCCJFDHBF,NO
JECFEFECICHEFJB,NO
FBFHDDCGIBCCIBEEDDC,NO
BJJDJBEHHBHCBC,NO
AFICFAG,NO
DDEBBCCHDAEIIBHEF,NO
FEADJHGJ,NO
AHGHJDIIDHGFJ,NO
DBJCJEFDHIJAEJCAFJB,NO
CFFAFFJBAC,NO
IDJHCCHAJAIEFGGJ,NO
FGBCAE,NO
BECHIDAFHA,NO
ABEEEGE,NO
CGBFEEEACJAJEHADFHJ,STEAL
JIHAGHFIHAIFABGFJ,NO
BEJFAECDFJFJJACAAIC,NO
CECACFDEDIDHABCC,NO
IJIJCAADAFEBHAHBA,NO
CBECICF,NO
BGICCIG,NO
FJJCBCHJGEHJ,NO
FDDGFEHBIJGABAJIII,NO
JBDCGGH,NO
IGDECDFHBEEE,NO
FDEGBIDGAGAIIBBFBJG,NO
AEBFFEEIEHHIIEGCEGHD,NO
JJDCEEICFCDJIDB,NO
DAEBFGIFDCEDCDIHA,NO
FEHDGJHBBCIFCBJC,NO
IAGHAD,STEAL
DEBBIAGJEJG,NO
ECFCFJAEGGGA,NO
CCJAEFCBHGECFGCD,NO
FFDIADIFACD,NO
DDBHGIGCBFJDIGFCCII,NO
IABFHAD,STEAL
DIABIHCFD,NO
FJIBJJEHDDECEEG,NO
FIIJHE,NO
HJDHBEFGIDH,NO
JJEGIDEAJGJGGBCAGD,NO
DDCIIFEAGIIGIJJ,NO
EGBDDBJAADIAEBHHH,NO
CHJJADJBF,NO
FEBAHBB,NO
CCAAEDEGBCFIGCFGEAAB,NO
EHBGCFDEDJ,NO
CDFEAFFCJ,NO
EJBCCGH,NO
JGFIJJDHHIGJCBF,NO
EGHJDAGFIAAEDEA,NO
JAICEJCCIFAEGCH,NO
GABJIIBBGE,NO
CGHCFDEEHAGGJGCDIE,NO
AADBICIDH,NO
GADBDFDHIGHGJI,NO
EBFEHEEIFGABCHEEJ,NO
ECJFJBAIIHHHGEBGBDFC,NO
BHBEIHHHH,NO
IGDHBBGJ,NO
HFJCJEGEJFACJIFADDDA,NO
CHDCDEJFJGCEIIGBE,NO
FAEHGJIECAB,NO
DEFGBEFEBEDCBHCHGHB,NO
GBIFGBJEJ,NO
GFDCCCHIEJHCJGCBEE,NO
DHIHHCECGIGFFFHIFD,NO
FDJBBIGEIEIIIDBFG,NO
EEHGGADFC,NO
GGGDHDFDGIJ,NO
IAGFIBFID,NO
HCGCFGECEJJICAHAAGC,NO
CCFCFD,NO
FFEDEJDJABDJBBECJB,NO
AIDBCBDFFAEDI,NO
IADEFGBGBBIE,NO
GDGFEDICFIBJIDADEGEG,NO
AFAEFEEDGCAJJHFIG,NO
CIGGDGICDDCBJHEGB,NO
DJCIDBGC,NO
FFIGBIEBGDG,NO
IECHCBFGHFBEEGGIEC,NO
EECCBBGCEFDI,NO
BCAEJFCCCIIAA,NO
GEJGICAAEGHEBCDAIEBE,NO
EIDAJDFAAGFEGHEGGAA,NO
CEBBAFGIDHIFAG,NO
FCAFCDGC,NO
FFFHFABIDJEGGJCAGA,NO
IAHDBEFAJFDHCJFA,NO
GFEHEAJIJD,NO
CJFIEDIDIDABHJFFGF,NO
AFAEBIDFGCBHJAAF,NO
AICBIFHCDACA,NO
AJBFIEFBBF,NO
HGHGGIJGBHJDA,NO
CFCGHHAJI,NO
DFCIFFFDGFHGA,NO
BHJHHC,NO
IHEGFICEGJFAC,NO
CHDBHE,NO
JIHFFFJHIFIG,NO
FIHHGIFEFIIFEHAGD,NO
JHFAFHH,NO
HIGGAHCJHJE,NO
ADBCHF,NO
GAGEJIFJGH,NO
EBBGCDJCF,NO
JEGHCBJHGEEICBEB,NO
JGCIBBFIDDBCJEFGD,NO
HHDCHDAIJE,NO
JJBEHGGADIEAIFCAEH,NO
BGGEFGGJBGHJIDDJ,NO
DACBEGEADF,NO
IDGFEFIABFHBGIGGHHGB,NO
BHHEFGHGJGIDJIE,NO
FJCFBDHB,NO
GGHJCGDDF,NO
HBBCGEFDB,NO
EDEDCA,NO
BAHDHGFJAGFABHHFFH,NO
BIEEADJJCCHADA,STEAL
JJGCAFBEBIFFBDDFEE,NO
GFFIBEABAEEEEIBBJFHC,NO
JBGAJBBCGFGDJIH,NO
HJEGICFJFEBIJJCH,NO
CIAAGJD,NO
JIIFJGFDIGIA,NO
JJFCFFEHBDGJI,NO
AHAJCEAJEHDAIFCGIBD,NO
GAAAAAAGAJABCHFIIJI,NO
HIGBJACGFEJI,NO
GFBGGHCH,NO
DEHJAAEF,NO
DBJAHBFHH,NO
CEAADBBGIDADJJJ,NO
GGEJCJCC,NO
DADJEJJGJBBG,NO
BEGDBCHGGH,NO
DJEABJEBFCBFHAFAF,NO
CAICBCJAGJJHHCEJ,NO
HBJBAGJF,NO
IDGIHHEEEDAHE,NO
HHFIJG,NO
JAGJGG,NO
AFBGDIBBIDJ,NO
GHBGDE,NO
GGBFJI,NO
IFGBCCCGGIFD,NO
AJJABGAJFBADDIFEJ,NO
BJBBIDHHIHJFBCAEG,NO
CFIEDJDCAFAH,NO
DAEFCJHCDEBJCHAE,NO
BJHDCH,NO
IGJDDJFHIEAIGJEH,NO
GDDJECCHCIBCAABGFB,NO
BGCAJB,NO
BGCDGJJEDCGFBDCHI,NO
BBAJCBIHFGCDJIBDBCD,NO
IHEBFAIIIDBHG,NO
BBCBFAGIEG,NO
BCCFJIJBFECGBDDGHGCH,NO
JCFFEBEDCD,NO
CIGFGABHF,NO
AHJDJJIJEFGDJAFHEHEH,NO
JGGCAAAABCEHGCAEFHG,NO
GFBBADBFDDDJBCII,NO
CEDIDHJJDBHEIDBAJ,NO
EEJJGG,NO
GEHJAAHJFAE,NO
JBJFHGBG,NO
IGGFBEFDI,NO
CAJFFHDGCHD,NO
BJDFFCDHE,NO
DIHGBHGDGIDFFDJJ,NO
EIDCFHIABCII,NO
IGJFIGEDBAACHJFFAD,NO
BCCFACHAAIEF,NO
IJBACFEFIJIAGDAFJ,NO
HGAGABJCEHHAHCGJFFB,NO
GECEEJI,NO
CHJFJBF,NO
BGEIJJ,NO
ECCFHFCGEHHGJBAEHDB,NO
BDBIACH,NO
DAAFCBDIBBFAIDCHHE,NO
ICJJJEAFIIFIDDEIJIEG,NO
GAEHCHJCJDHJDFD,NO
DACCEBCJG,NO
CAFEBHAHGJCBDHFFFI,NO
EFGHIGJIIG,NO
FFJHBCDEBJJAF,NO
ECDJHIIG,NO
HAEJJJCIFCCBIDDFECF,NO
AFABEDAGFD,NO
IGCFBIBDHHJEC,NO
EIICJIIHAABBCD,NO
HFCFHADJDEJ,STEAL
EDIGIIJDHGBJBG,NO
FCHFECFCGDD,NO
DIHJFHIIGJEBBBF,NO
EHCGECADBGFEHJGHCBDA,NO
FHEGBC,NO
EBJAJGCAFJEGJAII,NO
GDJEGHDJBGI,NO
DGFGDIGAJGIGCIAIAA,NO
IGDCBFJEAHDGEGGJJBI,NO
HFGBCCFCECEJ,NO
IFCAFFCFHEJCDABIIG,NO
HIHBIBEFC,NO
HFCAGHCFCI,NO
JGFBAGFJAHFHBJIAGGJ,NO
BGJGIFCFIIGCH,NO
IBEGCGE,NO
ADHHDCBCGGBGCBFJFIA,NO
ACHFCCFI,NO
JGCEAGDE,NO
GBEAJBDHDAAGGECF,NO
CBICEGIJBDEHJEHFDJFG,NO
AFBBECJAFCIDDEIJACGD,NO
FHIHHI,NO
BEGFCJCJFGEJIJBI,NO
FJABGAGHEICA,NO
IHIGDJHDICH,NO
FHCJCFIBAFJIEHGCJD,NO
AAEHIFJIDCIHHH,NO
CAGHGEJABCBGADB,NO
GHJBHFIGBCJCIB,NO
AAADJCDCGAGC,NO
DAHFBB,NO
FAEBDFDGEIIEGCA,NO
DDGEFB,NO
HDIGHBHHFGE,NO
FGFEJJDGACICAD,NO
GIGIJCIFJ,NO
JIAJAADDJGJHE,NO
GIAJFCDIIBGIBHDBC,NO
HDHAGAJI,NO
HFGGBGIAEAD,NO
IDAIFGIEBBJHBAIGBB,NO
JCCAAAAA,NO
HFFGIEFJCI,NO
BDHEEJDEIBBFICGB,NO
AHDEJAGHEEFFIHIJGIIH,NO
FJGGJEDDHABAIIEHHBH,NO
FJCBBAFCEJ,NO
CGFCCBGCHDBDEABIDD,NO
IGHBIAIADFFGFDJFC,NO
GFAIFJDBDFIH,NO
BHGFJBJAGIEHGHFFJF,NO
BFJJIFEIBHCBDJEGAHFA,NO
IGHEBJGEBEIDHFFIHJFB,NO
EHDGJEF,NO
FFDDEJGBEGF,NO
AADDCFJJ,NO
FAFBAI,NO
DDHGJDDHBBBDGDJI,NO
EACFFCJGB,NO
GEFBDEADBDGAEJDHDF,NO
HBGBJDFABBIBEHEC,NO
GCJIHD,NO
JHADCIFJFAAJHGJDIDF,STEAL
GFJJCBI,NO
FCDBBGAJHDEADICA,NO
IAIBGHDDHDFAB,NO
DHAFHAFBBJJFBJFCEFG,NO
CFHJDBFCEDHC,NO
BCICFIHCDHDDJJJIGGHF,NO
FIDJDIBDGIFHG,NO
IHHCCIBFAIEGJIJC,NO
ABHIBGBBDJJDECFGICH,NO
HJGCHFDHJHIDBGGC,NO
FFIAJFAHDC,NO
GEJIDGAADBJEIDE,NO
AIEICIJBBFFEAB,NO
EBAIEAD,NO
EGDFAAFCC,NO
BJHADDDJEEHIGDEJHCBI,STEAL
FAFJEIAFFJIGGJDD,NO
EBDAGG,NO
BIDBJFFDCIF,NO
DECJIFG,NO
DAIBGDDE,NO
IAGBHEIGI,NO
HGFAAABHJEH,NO
JDGADFCHHBJAHFIJA,NO
DHBBDBHFDCGIH,NO
CFIDJE,NO
CBHEECCAI,NO
FFDGEDHGABAIICFCIF,NO
GBBJAJAIHBDJAJBAA,NO
JAFDEFCADCCAJDH,NO
FDCJFIFJBJJHAJJBEH,NO
IJGIGACADDIG,NO
GGJGGHJCJHEGJDFI,NO
JDAHIFEB,NO
EGGAFJAHECFJDICEED,NO
ABDBAAFJDHDGGGJI,NO
FJFBEEGJDEAI,NO
IJGIHDA,NO
EDJGBEDBEGBFI,NO
ACBFJFDHIEAJADDEGH,NO
BFDGGABHHBFBCCDBGHHH,NO
GFFBAJ,NO
FEEJIHJFHHFJDGJACBFA,NO
CHCFFJCBADFFHEIDBJ,NO
FGIBABADIDACHFJBA,NO
DBHAIAIEGBGDI,NO
FBJJADDDBAFIJDCIEIJG,NO
AJBDDCBCEAGHACAAAFJ,NO
DJEDCGI,NO
FCDDCIDADAFAGF,NO
IJFEHDJIEGI,NO
HHEIBHHH,NO
BCFJCFEAADCG,NO
GIFGHGFHFIGJEF,NO
DBHHECJJC,NO
EAEBDDIHIEIHCCCD,NO
IABAEACJGFECHFJAE,NO
BDGFIDBFJFBEEDJEEIFA,NO
DEBHCBC,NO
GGFFGBBGIHBDEJJGDFHB,NO
JBIBBADBABCGEHCHHID,NO
IACFHJGHJDDE,NO
JFAJBAECADDI,NO
HGBIHCBBDIEJBAGJJCGE,NO
GFEGDBAIJEDGAFEDJ,NO
DJFIBJBIGFBJDEDBBAG,NO
GDFJJBHFIFAEDAAAAB,NO
JFAGCBJIFDFFJHCBCH,NO
EIHBEBHGDCCE,NO
FIJBAJFIDAADGHE,NO
GHDIHIE,NO
GBDGHE,NO
FBGJAEDAEHHJCFFG,NO
BEFICDCJEBEH,NO
DEBGJBIJDGBDCEGAD,NO
IIIDAHJHJJJFCCADIEIB,NO
GCCDCBBHAIBB,NO
DCBBFJIHE,NO
HADAEDEFICDEHCG,STEAL
BIJDFJJ,NO
AACGBEIHDDJBFBADB,NO
BHBHJJIJADGEACJHD,NO
DFFAJB,NO
EIBEIDBBHI,NO
BDJCEFIBFGCJIBFDBBDI,NO
GJHCBGEDFCEDGHGB,NO
BDFFHJBFEHEHJFJ,NO
AGHIIEHGJCAAHIBGEFF,NO
FHCECJJIDCABAH,NO
EBGGGHEAJ,NO
CJJIJGFFFICDDEAHH,NO
DCIHCHIBF,NO
ECBBIJD,NO
JJGIGBJEBIJAGBB,NO
IJHFJBHCCFFB,NO
BHBGJEGEIAAAGGBGFGJ,NO
JHICAJHDIEGGCHCCBJBE,NO
AFHHGJAHCCGDHD,NO
JBEDDEJ,NO
HBDDGGF,NO
JIIBJEFAJBED,NO
BIHAJFFJIJFHAG,NO
GCDAIEH,NO
HAFGDGGJABDADIBFAC,NO
HADGFGBACCAE,STEAL
FDEJAHII,NO
FJDGDJ,NO
BFJBFFDD,NO
CHCDDEFGGJG,NO
AEDGCBICIBG,NO
DHJDIJDGDEBAHD,NO
EBHGDCID,NO
JGJAGHHHH,NO
DIAGEEFAJJHJEB,NO
JFCJFIJHCBEGJDEFJA,NO
HAGFFHFFGBGEHBG,NO
AJCEBCGJCDIEEFB,NO
CCCHFHBFEHGFDECGICBI,NO
EGCJEIAIJII,NO
FFGJEEACEAD,NO
JGBEGAJIAIACJIHDHC,NO
HGEJABGJIJBJHJ,NO
JJDJFEDCH,NO
GBEGGJBFGAGIGC,NO
GDCJIIEJHJ,NO
GGFHGBG,NO
DGGIJFDJDJA,NO
FFBIGDBFEHBFDIC,NO
GBHACIGB,NO
GADCABBD,NO
JECBFBGGDCHDEJBDCI,NO
CJEHGHCFEJJDDGEIICFG,NO
IGDAGA,NO
GAACCADIJDHDJBF,NO
EDFEGEJDIBIIHG,NO
IJJGDECDFEFJAIFICF,NO
BBEGDBCJDAEAJDDJJ,NO
HFGFEEBDD,NO
CAGHJHIBGH,NO
DCHCAHGEEFCIHA,NO
JIBBJGIADEC,NO
HFEHJGCCJHJ,NO
BEEACBJABJHE,NO
FCICGAGCDD,NO
BGHJBAFAABCGI,NO
ABICIFDIFIJJ,NO
GBAABFCEBAFFD,NO
JHGDJJEECIFBFBH,NO
IGDGDI,NO
GJJJGBAJAIBFFACHB,NO
FHCGDCIFGDACEFJHFEA,NO
EHCICGAAGAC,NO
GHAGEDHHCFJBABDE,NO
HBIDBHDBAACJAIBIDHHC,NO
GEFFIIAHDJ,NO
ICBGAJIBICHAG,NO
CFCACFGECIICFFIGB,NO
ABDFEGBFIGDCEBHHEGEF,NO
CHCHDHGIFFEJJA,NO
GCFIDGABAFEJ,NO
BFDCBFF,NO
BAGCJEGDBHBCBHDBEE,NO
GAIFFGEIDBBIAEDDIDH,NO
FHEBGBHHJHIIABDEEAA,NO
JEEFJGHHG,NO
FDJBHJGHEJIHAEHEAIEJ,NO
EAJEAJCCJ,NO
DJBBFIGIHFBDCCHJBFIH,NO
CEBDBHAAIG,NO
EFBJHADGAI,STEAL
JBGHHED,NO
EECHCJJGECGBCEEDD,NO
HCAIIFF,NO
HDCIIC,NO
EEGFAJDHHBAH,NO
JHFBCBI,NO
JDDGGDFGJJFGAJDA,NO
DJFDABIHDIGEECJBICGI,NO
GHIFGBBIIDGGE,NO
FAFCHHI,NO
JFIIJEJBDE,NO
FDCFGH,NO
IAIDACG,NO
CEEDCEBFDGJFGEHIEFHB,NO
JEBCEHIBII,NO
AHHCEBBCBJEFFBCD,NO
JHFFFGFHIJHBAIH,NO
CBDGACAECJBDHGDJ,NO
GEDGIFBHBHAG,NO
IIIIEFADHBC,NO
IJJEHJAGDHHBAJIH,NO
AECCGEAAFAFJIDDCJ,NO
BIAEFJJI,NO
CJDJEBBJGCHIHGIFDB,NO
CHJHAGGJAEDICFEHF,NO
AIEDFFCAGBB,NO
DIGHGBFCFIHCBDIC,NO
ABECAFIFDCDCEA,NO
GBIABJIHFIBBFEGIGGGG,NO
FCDGIDI,NO
EBEAHEAHCJHHEIDHDII,NO
IFDDGJJFJJGCDJC,NO
CIEEHFDCCFBGGGFH,NO
DBJEGGHAEBAF,NO
FDFGDEGAGF,NO
AJHDIFFHDGIFGIDFGGJ,NO
JHHECDIBGGBHGEDFDBIJ,NO
FAADIHGBFDIIFF,NO
DFCCEAGJ,NO
JIFDFJ,NO
GIIFHJEHECAHBBHC,NO
FAEEJHACADADGDJE,NO
HCBCCIEGIAHDBGFC,NO
JDABEGIHGGJFIJCJ,NO
BGEHFCCIFAEA,NO
HAJFHBCBAHADC,STEAL
DEGAEEAADGCCH,NO
IEHCCDECAJEFJGGB,NO
GFFADJHCDGCFA,NO
FAJIIICICBBJBGJGBJG,NO
GCDAHHAAJGFIGBGBF,NO
JJEJIEE,NO
HIJEEFFJJAFAJJIE,NO
AIHFIGEFGDIFHGD,NO
FHDIGHCFJCCJH,NO
GJECGDHDCHGIF,NO
ADAEGC,NO
CCDFFBA,NO
AIDGABEGGE,NO
JBJCDIEHJD,NO
ABHJIHDBDJIAJB,NO
GEJCDGGAAEGDEGHI,NO
GEAHGBDAHCAFAJB,NO
HAEFFCCI,NO
FAACHHACAICIAE,NO
GFEECDGFAEFBEE,NO
EBHBCCCHHGG,NO
FAJGGGDACFGICFEFF,NO
JGJGIBAIGIDCGA,NO
DBAGFIEGIFAJJEAF,NO
FEIJEGCC,NO
CHGAJDJDIAHHGGFADCA,NO
FIDFFGCHHCCCBE,NO
JBJAEJHFFEAHIECIGCAD,NO
BIGHII,NO
IJHHIID,NO
BIFBJDHJIADJJE,NO
CEABIHFJFEDBHID,NO
JAECCCIAGJDAEGEJD,NO
HHBCIEEGI,NO
EIBJIFBAGGCBI,NO
IIAAHDGHEEGHHEIAE,NO
DDBJABGE,NO
IDHCCAEGCGE,NO
HGBBJFHIBFBHHFAGAGED,NO
HAACCDECECCA,NO
CGHCFIJAFA,NO
JEAJCEGGBCDDCDBDCBC,NO
GFDHBF,NO
HIHDIJGB,NO
DADJJHEAAGHEDGGJB,NO
GIIHIHGEFDCHBHJD,NO
ABDGGEGICHFHGDCHB,NO
BHJDAD,NO
CJFFJC,NO
AGBEEBDHAIHDGAH,NO
EBDHCFEHJAEFJ,NO
EJEJGDFBI,NO
BHEHBAIFJEBEEIGGEDHJ,NO
JEEHAAICEFIIFDGGGAIJ,NO
FDHAIHEAFHCBJ,NO
EIHJHHAFJBAGC,NO
DJBIIDEHFBHEJEBDCJJ,NO
BIJCBFDD,NO
JHAJDEGE,NO
FCGGCIHBJFHAIFDGAE,NO
FGFJAGHDIIFJ,NO
GBFDDFFBIAACIB,NO
JGDICECIDIBJBCEHDF,NO
BDFHEDGJICDD,NO
GIHGHDBDIJ,NO
JDHIFEGECIHDACDGEA,NO
JAJABJCGDCEFFEBIA,NO
JDJIAJHAHHCID,NO
DIGIIAJBCABBACEHH,NO
HDIHIDCIHHIGCJJECGJF,NO
HAHJACG,NO
DBCABGBEABHAAFFDHCHG,NO
DEDHCBJHD,NO
JDJCHBGBCDHHGG,NO
DDDHEJBDGAFJFE,NO
ECCDJHBEJGICDIGHDCG,NO
FBCDFGBCGHDFG,NO
IHAGIHJDGBFFFAE,NO
GBEGCACGEIEFHAC,NO
FJFGBJCACHH,NO
GIAEHEEE,NO
FGJEDGA,NO
DJADCBJGCJFGGC,NO
HIHABEEHFBAGG,NO
HFAIJDGDEHHBHAI,NO
GIHEFHF,NO
GBDJJFCDD,NO
HCGAFCCHEJBCAHDFCGEG,NO
DBEFHCAHJHBBD,NO
DJFEJCGFCDIJIJBBJHIA,NO
GFACBBBDJDJBAHHAEGFA,NO
FACACCDDIDGE,NO
IDHDCGEICJAAFJBI,NO
HIGGIFACGCBGFE,NO
DDFHCC,NO
FJJHAEB,NO
HBHJHHHCDCIEFAHAFCE,NO
ACHAFI,NO
GBAGFB,NO
GGDDEIC,NO
EHCEFEFI,NO
FAGFEGCJIA,NO
CJBFIJECJC,NO
FJJDICDIACH,NO
DHJCDBBDGAIJ,NO
CCCCAD,NO
DFHGFFCB,NO
DHFABHBJIHEIDJIA,NO
HAFBIFBG,NO
GCCEEAFCGFGJB,NO
DBDABID,NO
DDJHDAEDFHEIA,NO
GFGCFFJAJGAFBGA,NO
FCBJHGIFIBJDFECI,NO
GFJFHBFFHJCEDIEEDEBJ,NO
JAHJFGDDAECECAFI,NO
GBIGEGAEEFICGJCA,NO
CIHAIBDEFJJJIBAF,NO
HFEBJGCJI,NO
FHCJIADDCDCGB,NO
JADJFEGIICAHGJAD,NO
EBBDEAAEBBBAEJEEBJ,NO
FDHGCJBDC,NO
CCGCHEFHA,NO
BEEFDAIIBIB,NO
AGJDIJCBAHHIHJGAEF,NO
BEFHDGEEIIDIBEBIHFDE,NO
BFEIJHHDFJFFBDIFDFHF,NO
GGEIHHJJFA,NO
EJDFDADABEBBF,NO
BBAIDHFBGHI,NO
DIBIJIBFCFBIF,NO
BGIGEBEBJACFFE,NO
CJJGGBC,NO
GDAFHDFHICDH,NO
GHDABBF,NO
CIDIEHHBHA,NO
GJJEBGIEBHIFH,NO
JFHGIEHJGCJHHH,NO
DCHGBDB,NO
ECDGGFDDIEHCGI,NO
HFGBFAGIGBIAGB,NO
GJJHABAAJEEA,NO
IIBEFAAFBIIDDD,NO
JAIEBH,NO
CJDJAECAIHGADD,NO
ABEEDGJJ,NO
GBCIAHDHFFGFHJGC,NO
HHEEEE,NO
DJAJCBAGCJDFAFDDI,NO
BCCJIII,NO
EJCFAFHCHEJCI,NO
AEADDJEIJCGA,NO
JHADFEIC,STEAL
JJFHDJAFIE,NO
BIJJABCFIFEHADIHCIG,STEAL
DJCHCEDCE,NO
IACDEEABGDCDEIBH,NO
DEDDIEAEBJEH,NO
JGFJFIED,NO
DIEEFIGFIBG,NO
BFEHIIBICFJDFBIB,NO
JJDAAD,NO
AIJAHBGCABD,NO
JAEFDCJCFF,NO
DIHGJGA,NO
CEJCFDBDFGH,NO
ECDDAF,NO
HBDJGFJH,NO
BDBEBAJDIAECDAIIJGBE,NO
FHDGDBG,NO
HHJBIDDDI,NO
GIAAAICIBCBBEFBDGFFD,NO
DJFCHBAGCHCAI,NO
ECJBFIFAECCHEGCD,NO
JDEFHFC,NO
ICBABAIBEDH,NO
FEJFFCDGDIA,NO
AIGIAHGEDGF,NO
ABEJJEGADGIEGCIFHF,NO
GFIBABBJGIAGIIHFDB,NO
DJAEFHCABEJICBDE,NO
CIEIBJBFEBCBIIDFIJEG,NO
GHJEEEE,NO
CDIJCIJGJIAGIF,NO
JJBIJGICHEDHD,NO
FABHIFGEHCJJCAAJEH,NO
CHBGEJDIFE,NO
JADEHIBHDEABAIA,NO
GCBFFDBIB,NO
AACBIBFD,NO
EAGFEAIAH,NO
CJGBHAIB,NO
EEAFEJEFIADEIBG,NO
CEAJAHFGGIF,NO
GHGDAGGAGFBHDE,NO
ACIBHJJEAJAA,NO
DAHFCCFD,NO
EJJGAIICHD,NO
GCEEBH,NO
AAIDFAJEFGFDH,NO
EHFGAB,NO
CDFJJFIHDEIJFD,NO
EACCHFCHIB,NO
FEEHIAJDBDCJG,NO
GACHHEHGG,NO
EEDIBEEJCGHFIFGI,NO
DAJBEGGDBEH,NO
BIBAABDCA,NO
FJIGDEJJA,NO
GJIHIDJJH,NO
DEHBCEDBJJDBCBD,NO
AHCFHFEF,NO
EFBDIAIICCAG,NO
FHHIECJH,NO
DCDGECCACEEEAF,NO
DEAEHAACID,NO
BBJHGCBDGGDBDCFI,NO
BIHIEF,NO
JJFADCFHABFCGGECEFGD,NO
AHDAHIBDBHFGEADIJDDJ,NO
FGIFBCGGIDECI,NO
EEGADCHDGAIICCE,NO
DGDIBAAGEGEDADAGCCE,NO
JJFBIGBFIBDECGHIDJ,NO
CCGFJBHJF,NO
EDGHADFADD,STEAL
JIAGCJEEDFHEIEBJ,NO
EAIEHECJJCIJJA,NO
IDAHBHAIHHJ,NO
EDBFBHJFIGJBDA,NO
DDCECEFICHHHBBJBJA,NO
IBCHHGBJJJJBCBG,NO
JHHCCDAJIIACHBBEJ,NO
GDHCJCIJCGDIJDJB,NO
BGGADABEHEGIFGBFF,NO
AEBHAFFCFCEGBEEBA,NO
DIEJGID,NO
EHIJGFDAEBAIAAJCEIE,NO
HECHGAJAFBDJFJB,NO
DIGJGCDHGABDH,NO
HHHJFBJF,NO
EADBAJBDJCHHCFDFF,NO
DAFGFCEHD,NO
FHCEGHCJE,NO
GEABDEAGIAJHJDAFGA,NO
EAIJGIDCCJABBFGJ,NO
ECBAGBCDC,NO
AGAJEHDCDBBDJ,NO
EEHAGBACFGBFF,NO
GGGIHJGDIAABCDEB,NO
GFFFDCJ,NO
FGCIEAAFJAF,NO
BIDHGBFIEEHEHB,NO
CFBCACCF,NO
FJCAABAGGEIAJ,NO
BDFCJFJGAJEGJGJB,NO
BJHAHECIABAA,NO
GDHGAEGDCDHIGDCDD,NO
IFIGAEAEGHJCGJBGIBC,NO
CACECB,NO
AGDACJHBEEHIIDJIHFD,NO
IEEJBBFHEBCIA,NO
IEGGCCJECDDBBIE,NO
BACBDJDGECJ,NO
EJJJAABDCJAFHHAEFH,NO
GAFEEDAJ,NO
EHFBDHE,NO
BGIDBF,NO
HEFAFI,NO
GCGEBJAHJCEBGFCF,NO
HCEIHFACGAAF,NO
AEEFIACGI,NO
GECJJFFCCDFG,NO
JAJBHGEEBIGJA,NO
DBHJIDACFDEDJD,NO
ABIACCDHE,NO
DHCFAFDADAF,NO
BIIFFEEBDCEIHFCJBAF,NO
DBHEFCBJFHJIJH,NO
HECIEHGGDG,NO
JJDJEBGGDECCC,NO
JBBFIBD,NO
GAEHDGAFEJGAHAECJGHC,NO
HJFHJGGA,NO
JDJIJHIFGJ,NO
HGDBJHFHHED,NO
IAHCFC,NO
HCFGEEHIDJBEHHCGBCAE,NO
GGAAED,NO
JDABICABBHIID,NO
JHDGEHBBHHBFHFGJDFDJ,NO
IAEFHFHHJJ,NO
EHGHBHEBCD,NO
DFHFGFIGDABBJEHGAH,NO
AABBCDAFJIHDBIGA,NO
JAEFJGGGJEECFGD,NO
JIAJDAHH,NO
HEGIIHDBDFCA,NO
BGCEGGAFBBDDDF,NO
AGGJEGJCJ,NO
CDIAHJAEIAA,NO
FHJGEHEIFDJJIDFIIH,NO
HIDHEIFJ,NO
JFEDFHJCCAEFGAG,NO
AFCDIIEJCA,NO
BGEADJ,NO
JGGBHJFAJGGH,NO
DGJIDJFADBCFEBF,NO
ECBACGB,NO
FHCHGAFBH,NO
EHGFHAGCJADDF,NO
BIJHBFJEAH,NO
JDEAEC,NO
DGHGIHJBDD,NO
CGAJCJCFDEB,NO
BGHJHECHJFEJBIHBDG,NO
CBJFHCJCEBDJG,NO
AFBGDCHDCHCBCIFEHHAA,NO
IDGBJGJGA,NO
AHEDECIGFH,NO
JJHACFACI,NO
JFFBGGAECFH,NO
FIGDDACCFEAIBHDD,NO
AABGFCADCFAAIH,NO
DDIFGCHEGHEIHHAFIBB,NO
GFJJIC,NO
JCDDBGDJFGGEDHG,NO
IAAIBDEEFHJE,NO
FACDJACIDHA,NO
GCCBIEGAJFC,NO
IFCCDCFEFJCGI,NO
GGFBBCHCEHCE,NO
CAGJIDCDIBHJ,NO
CFCAHACDGIJGGF,NO
GFEJAGIFFCGFGJI,NO
CCBBDCIBICAB,NO
JDEGGBFH,NO
BJHADJAFFDICHFD,STEAL
FADBBCCGCFIFEJACEAE,NO
DHIFJJGIGGIHJFIFJEGI,NO
GFBECCBGIGIAFD,NO
GJDCHCJGB,NO
DCBBHIF,NO
IIIFFICDEB,NO
JEHFDIFBJHGBD,NO
EADCHGEGIDJHI,NO
EDGJGDAG,NO
JHJIJAHIGCJJAADID,NO
BFFHDCIEGEGIIAIC,NO
JBHDEGDCAEBGB,NO
BABDIIE,NO
CIICJECADGHFDCJA,NO
FFBGGEFFDIJ,NO
BACDJADEBC,NO
FCEHEFJBBA,NO
HJEGIHHJABHDFJBJ,NO
DABDIJDBHCGJADGHCAJD,NO
BDBCBDIHAFHFAHHFFEGJ,NO
EEFEECFD,NO
HAGFBEGHEJDA,NO
FACJEIFFBADCJDAIB,NO
GFDJBJGJJAGBHGICH,NO
DEGHFFDJFACJ,NO
FGCFCABHGCFCAFIBG,NO
GFFFCHIBGABIEDHCG,NO
BBJHEHBHF,NO
IJAJFEFJFBIEJ,NO
FBIEAEEFCIIAFGJEG,NO
FCGBAEAFDJJEJAJ,NO
CAEIIFE,NO
GBJGAAI,NO
EIIABEHBHJHICEBE,NO
EHIIGGFFEBFCE,NO
GGAIFHHH,NO
GCFDDHAHBGGF,NO
HFGFBGCE,NO
GCBBEHJBICDAHGCAJCHE,NO
CHABFCIDAEEGICBGFJDE,NO
DDDCBBJDJAJGIHEFBEE,NO
CIAAJCAACDFGCFDJJHHE,NO
EGBHFFAEHF,NO
HCBJEIIHFED,NO
JBAAHABFIH,NO
FFICFEHCI,NO
EHGGHFJEDADFH,NO
DJHBDJ,NO
GHFHDFDFFCA,NO
DHAFBABGGBBH,NO
EJCIGDEBCHH,NO
BCJBAHC,NO
IGDIBDI,NO
CFCHHJGEI,NO
EEDECFEGIBHDDB,NO
JIGEFEHCGJBF,NO
IBCHHCI,NO
ABCHJHJCIBHBGDAGBGF,NO
HEBJGCCCEEDEBJ,NO
AJHEFEEEJBADAJGGEBH,NO
CCIIEFI,NO
GCHGFDBCJBJDEFJE,NO
JICBGIEJBCFAEEGDFADG,NO
DHBJHIIB,NO
BHDCJECJ,NO
FGEDCBAICBAHJJGEJC,NO
AAJAJCCJJ,NO
IAJDADFCEHAI,NO
IIIHIIDHDDDFB,NO
BFEFGID,NO
FICCDBFJJFJIAFCFEJE,NO
BDHAJFFEEEGFCEDBBFHE,NO
ADEGBAI,NO
IGFEEIEGCDJJDE,NO
IDEFGJDFAE,NO
EICDHBJBGEIABAB,NO
JHFBFCECGBHHHAG,NO
ADBBIGCFJBJDDBJCBD,NO
AFHEGDHBDCDIAA,NO
IDAHFJD,NO
GIFFDBEGABDAFFDDJDAI,NO
JAGDDFEHIDADHFE,NO
BJGBJBEIFIHEFFIED,NO
ADEBEHCACGJH,NO
BBCHAGBAIBIJEBA,NO
JBJACHGIHF,NO
EDECBDBHFEGF,NO
GJCDJFCHHFEBIIIIC,NO
CEEBGJEDIECIJJIFIFJ,NO
AJACEGEAAGGGEIHDFG,NO
FJJEEH,NO
JBFDHEEEEJGCJA,NO
GAGHIGEEIEE,NO
HEAEAEIFBBHDB,NO
BGBBJC,NO
CFDFJJDEGJHDBHCGJF,NO
GJBAHFGFGF,NO
EFJJICHGCIIGIJJAIHBA,NO
DAHICHIBIDGCBCF,NO
GDCABJFAGJJ,NO
FIEBJEDHIIACDICFFI,NO
AJJFJGAEDCEHJBEHIHG,NO
BDIGBHEDBEE,NO
GEGADFCFJFGCDFADCFD,NO
CIDAAEFHDEGICJGGEA,NO
IJCCADBBEC,NO
FEHCBFBFFACBJGHB,NO
BCEHEHIJGG,NO
AACHJEFHAHFE,NO
BCDCDFGHJFAIAEI,NO
FAAJFAG,NO
CBEFCGEGFBJFI,NO
CGHHGFCJFAGIADAGFFB,NO
HJAGDFJDGDFGAIEEHJDB,NO
DFAFCHFFCFAEIABD,NO
ICCBFAGF,NO
CJFHHACFHADGEBB,STEAL
HCGIFJBDGGJFHFFGDGA,NO
CFEEDBJDEBBCHGIJB,NO
DACFIABABAHDCHADIEH,STEAL
CDIIIDJIJFGJD,NO
DHBEDIEABBDBIFECGJDF,NO
GIHIFAACJE,NO
FBGJCJHJHGA,NO
HIFBDIGDBFIFA,NO
ACFBDCIJDFHJIIHEADC,NO
EBEGABDEF,NO
ICDDCBDEEFDIJHHFAC,NO
DIIIACDIIGDEE,NO
GGDBBJBDJJJJBH,NO
AGIFDIHIHIAC,NO
FACCFJDDIIFE,NO
AIADGBEHJCJJIAFFHC,NO
CJBHID,NO
IBEDCJHBE,NO
BJAJDF,NO
DJCGDHJACIHIDEH,NO
DHIJJB,NO
DADDCICBBDJBD,NO
HJAFCAGEEAHCJG,NO
HHJAEJAJEHJBDEGH,NO
JBFGBGBFGEEECG,NO
DHGDAEHBFIFB,NO
DGEACGDHAFHDE,NO
HCIAIICH,NO
BGFAIFHFIACGJCHAAC,NO
HDDJCBADIFAHGFF,NO
AICDHBAFHIJA,NO
EBDJFIEIEIIEAJAC,NO
DEFCIFDCCBACGJJJB,NO
JGEDHJJAI,NO
HHBGBBGEAJJJBFH,NO
GEICHADDJGHAGHA,STEAL
FBAJIHBDDHIEAJGAJE,NO
EGECJGJEJHHCFIBH,NO
IEDAIJIA,NO
BFJFHFFIGIEGDECIDE,NO
BGDIHAABFJHBEJBJJHFJ,NO
CFJHAJIIEEHBBAEJ,NO
FAHCGEHFECFFCCCGBIFG,NO
CICDHBGACJEJDBEHJB,NO
FADHAEJGBBIIDHC,NO
EHAGIJIFHECHF,NO
EDEGEGIJDCCFCC,NO
GAGDHAHCJGAJCGDJGEJE,NO
BGBJFHCFAIIHCFEJCBC,NO
CJFJIDCDBEGAFCI,NO
ICEGDJJ,NO
AHIEBE,NO
EDJDCECBAGGGJAJFCFBI,NO
CHBCGFAAFAE,NO
HAJEDEEJBAFCC,NO
JJFHJCHIDJ,NO
FEAEBHBAIHJHDIDBA,NO
HEBBBHECAJECEECJH,NO
EHDEJBFAJCAICFI,NO
FEAIDIBHHACEGFIIBHHB,NO
HBHJEJJCGEAECH,NO
JGBAEFBIHJIFADB,NO
IHJDEG,NO
HFECHGADFHGEJFEI,NO
AFGHGCGFJCAIFHICADFE,NO
HADDHJHFHJBI,STEAL
IGCGGFCEAFGEFHICFE,NO
IEBHDFEGHIF,NO
BCDIGIGJC,NO
EIEDFHJCHECDCAHHJIF,NO
BHBAGAD,NO
HAFBCGHDCJBB,NO
FEIJFAEJIEGIH,NO
EGCHJEICGFIFFEC,NO
CEHFIBF,NO
BJADIHDADICADHFBGFB,NO
HFJJAHCA,NO
HEAAIJHDHGF,NO
JBJABBJAJHCIECF,NO
ACAIHFAEJGEBG,NO
JJEFECGCCAEBGGJD,NO
DAICJHB,NO
IFDBGDHIG,NO
GIDFIJCJHABF,NO
CAAAGBFGCJIHAGAFFBF,NO
IDFDBEJIBAJ,NO
FACABF,NO
ADAAIIHG,NO
DJJIJBIAIGBABCDFIHIH,NO
BBEAEJGGJ,NO
DHCIBJEIIJEIGBFCEFDA,NO
BBFAJBCJBBFIDBFGD,NO
DAJIDBIBHEHFFADI,NO
BEFCHHE,NO
BDEJBDIHBAHAICGCEGHI,NO
JAJEHFHGGHGBG,NO
BGAIHGAFJBGIFB,NO
FEBCHCDAGCIB,NO
HDBCGDB,NO
CADCFEEDBFEJJF,NO
HGJHEGFHG,NO
GCBEJEEGBBJ,NO
BGJAAA,NO
IJFDJEIBGCD,NO
BEHGGFEIEAIAFECB,NO
JAADHIFCHECJG,NO
CJCGDIGDCEDAA,NO
FHJAFJHIDIHCJB,NO
FJACAAJDJF,NO
GBGBIDDFHBEJ,NO
HJJJHFDBCAIHCD,NO
EHBGDC,NO
FFIICEEGF,NO
GHJFJBF,NO
BJBGACJBHFBA,NO
AHGAEAEB,NO
BDFFHECHBABDB,NO
EFIIGGBJI,NO
BDBGAHD,NO
GBCCFEJ,NO
CEJACBGEFDEG,NO
FCFBFFFEBG,NO
DEDHHE,NO
CEFEDAIICJAD,NO
JJGFGJGCIGEEIHJG,NO
BIEDFDAHIGDFJEIG,NO
EHHGGIJCGCEFAAGI,NO
BDBIDGCJACFGDEFABC,NO
EEGDIGDJEHDBDCCC,NO
DJFAFGCFJDJDCGDG,NO
GBGFDHEFJAFHAH,NO
HBABGGH,NO
FJGHHGDGGGBHGAIE,NO
HBHBJGJBBGDEEF,NO
JIDJFJDIEIEH,NO
HCJJGEAEBGEBEAI,NO
DCADGE,NO
FBDAHBJHBHIB,NO
DCHDBGGGFFHADII,STEAL
AJHBHIHEAAIFEADC,NO
ADBHCEFGBDCIIGDG,NO
FJFIDIJCBIIHFAEJI,NO
IJDCDJI,NO
FFCEGABF,NO
IBHGGCCB,NO
JBIIIGAEDCHEBCGAHFI,NO
JHEGGECFBIBAFEHBIA,NO
GIJJECGGIJCE,NO
AHEEFHFEH,NO
JCGEHFG,NO
JGGBHCAGFDJDGCJHDHE,NO
DGBJCGJEJDHFFCCD,NO
EFBDBBBIDHECABAH,NO
ICGAGIEHJI,NO
BFGFBDBB,NO
CJIJIGHEFGDFABIAJEBG,NO
EAGIHGICGCAIICIG,NO
CICHFH,NO
CEBDIFAICAJGICBFAHJB,NO
CHBDBBFIDIIAJEBDIH,NO
GAACCBCEBGAHHBJBJDI,NO
HEJCJHJEHBACEBEFHC,NO
AIBJBCDGE,NO
EDHCBJDDC,NO
CFADFEEBA,NO
BCFDEHBIDDFAHHCHFA,NO
CCDFJFCF,NO
JFAGBAIDJ,NO
BDIFECG,NO
CEGCFIJACIIHGBEADGDG,NO
JGGBCDCG,NO
GAHBJIHJBJBHEG,NO
CFFABD,NO
JBHFFJADJBCAECCE,NO
CCADIEJIDE,NO
IDHEAEGF,NO
BDEEFIEJJDBJ,NO
FICBJIABJHBHEAJJA,NO
HACIDHDAHCCGIBBDH,NO
DACIHAEJ,NO
GACBIJBIJJHFG,NO
IGDGBAFJFEEADDJHHA,NO
FAFECIDIBFJFHGCHGDB,NO
FDJJJCHHBFGIJ,NO
AAIJCDDFHEIFHBIFECD,NO
CCFDCFDIACIBJF,NO
IGIIEDHCGJAJJIHJC,NO
IEJCEBCHFEG,NO
CCGDCAIHDDDIBIEBFCJ,NO
GFIDDJHBCEI,NO
GIDDEAGAFEHGCDH,NO
IAFAHHJ,NO
IEGEEAHHFAHAGIG,NO
GAGJFDIHIFBCHGJH,NO
BFHCGH,NO
GDAIJHJEAAAGJH,NO
JJFCGHGFHEAJDFE,NO
IFACACDAJAGJJEBJ,NO
AEJIJBJ,NO
IHECEDACAG,NO
JAFDGBJEIHBED,NO
BFDGDGEGFF,NO
AGFBBAI,NO
JEGGAFFDDGE,NO
CDICEHCDCABEJ,NO
DHFDFEFBGEAJHCD,NO
FHCIIFEFDG,NO
DACCAEDAGI,NO
BCEBBGAFDIJIHFGIICI,NO
HAGFBHAJBBFFIJFAF,NO
JEIIIIFGHH,NO
BGFFFDJJCCEHDBF,NO
JGFGFDAAHJHAJ,NO
FBDHGFCFF,NO
FJEFJCJG,NO
JDABAFHBAC,NO
DHHHDEHBJE,NO
ADAGBHF,NO
DGHJDJJJBJGDIGA,NO
IIDBJCHCCAECA,NO
FJJFEEECDEGEDIJIJA,NO
DGACAGJGIFE,NO
CDEJBBF,NO
ABDJFFGEEJBJJCJB,NO
FBAFIIIHGJHFCFAIIGBF,NO
HABEJAJAEFFEEBHDCEEC,NO
IJAIFFHJBJBDAHDI,NO
JAFJBAHDJ,NO
HEHCBGBHIDAJD,NO
GGEAJBBJEJBDCA,NO
DCBEAFBBI,NO
GBCHIDCBHFFBDCHHDE,NO
EAHGAGFEADJHFAJDJHB,NO
DBEJFCCF,NO
BHFHIHJ,NO
GEJBGECGBIABAH,NO
GJCBEFCGC,NO
GCHIEABACFIJC,NO
HJEFIGEJDJIFJJHDEJB,NO
HDAGGAECFCHIBCHAJHB,NO
FDIGCHE,NO
IGBECD,NO
JJACFIFFGIBBCCCIFGHJ,NO
IABDJAGEECBE,NO
JJADHHBBEBCEEIAGFBE,NO
AIBBAEFD,NO
AHIHDBCCDI,NO
GCHEEF,NO
GDCAHABAGDCHJIFBJAEA,NO
JEAAIEIECEJE,NO
DDFICEBBIAIHIABE,NO
HFDBAICHCDHECFJ,NO
BFCCGAEFEDGBDHEGFEB,NO
GCAGEJCECG,NO
HBBHIDHJGHJBBA,NO
JDBFDBD,NO
EBHIGJ,NO
GIHDEIJJCDBCBCAIC,NO
CJBBJIBEIJBIE,NO
JGJHAHDDBCEGCCAFJE,NO
ADFHFCBEGICIGDH,NO
JAGGAGJGAF,NO
ACHBJFC,NO
EFAEBCAEEB,NO
HJJECAGIBB,NO
IJIDHEJCBGCHG,NO
HIIAGFDCFAE,NO
GGHBHGGJF,NO
BJJGABHJHH,NO
GHHDJIJHEEJ,NO
FJBHJIHFDECDAED,NO
GEAEJHICJGC,NO
HEBGACCCEDGIJGIBBA,NO
EBHJHI,NO
HHDHACJIJHDJFFIAIB,NO
ICAIEHBEBCACBCCIG,NO
EBCFCBIJIHDFDEIHEDD,NO
GAFDFIC,NO
JJEFHAEBBDIHGEEJIEF,NO
EAFIEAJBCGCJ,NO
IAJCDEHACGJGJBGIHE,NO
FHGCCDJJIDFHIHGAJ,NO
FGAEIDECDH,NO
FDBCAEHJHGEHGCDHGI,NO
ADIAAGBBEAB,NO
EDIDFGBECIFEDJBJBIGB,NO
ABFGFECEFGAJFGAAIEFJ,NO
EBGFFHFAFA,NO
GFBEJDCJGAGEIHJ,NO
CEHDAFBJJFFFBCF,NO
DEFJFJCEFFDEG,NO
HJDADAA,NO
EJIEFCEHAJGBFB,NO
DBEGIAGFEFJJHBAEG,NO
ECEJEH,NO
GFAIAIEDCJJDCJAJEJE,NO
EFBCIJDGHGEGDJFGIC,NO
CCBHIJE,NO
DCFDFHGCIFG,NO
FAIAAJDCDICGIABICCCC,NO
IEHFCGCCA,NO
GHIBBEDAIAHB,NO
IGADCBBBCFI,NO
HCCIDIFJHCFIH,NO
BGEBHAB,NO
EJJGHBHDECJCFAEBBD,NO
AJHCICCEHEJJEBHJB,NO
CEEEHC,NO
AFHBADHFHEHJCA,NO
HJIGDHJJJAEEHJDA,NO
IBBFCJEGBA,NO
GCEABHGEEDACB,NO
AIGBEAIEBFAIDGJEFD,NO
BBCJJAGCI,NO
GGFJDIIHDBJDICJIHIA,NO
JHAFABBIJCJEHGJHJHB,NO
FBAEJGGGBAAIBI,NO
FBJIFEHICIGBBDC,NO
JAIDIEGEFEEJGEIC,NO
GGFHHGEIDJJA,NO
CIFJDEEHFBECJDB,NO
BJEFGCHCDACCBD,NO
JGGDJGEHCHFHFCCJE,NO
CAEBIDHJEI,NO
GFHGHEBGBDDJHB,NO
CIFEGCCFIBIJHHBCEA,NO
AEDFIF,NO
FIDGDFDCHEDFFC,NO
JFIEDFGICBE,NO
EJCAAC,NO
JIFEJDDII,NO
DGDJCJJIBHJGBB,NO
JDIHCIJEHJAJGFDHCJF,NO
IHGHGBFG,NO
DBHIAFAHFBDCEFGCBJ,NO
EHBDBAJ,NO
ACFIDJGIA,NO
EHIEBFBGJA,NO
IBGBJBDHHDGCICAICG,NO
AFBGCJDICAGCI,NO
DHJADAIGFDEAFJJ,NO
ICDCHHFDHDDBCBHGFG,NO
HHFEBIGAHJA,NO
AAFADIEEBHEEHI,NO
HDCEGBFIGFBE,NO
HEFIDAHBBDIBFCDEFDD,NO
BEBCCEFGCBIDCECDFJC,NO
IFEDGIJJFIJD,NO
FIAEFIBE,NO
EJIACBEIIAI,NO
FACGJCEJ,NO
DGAIJBFIIEHA,NO
CGFABECHJCAAAFGDFF,NO
DBCCICHJGHFFIFIF,NO
BFHDABDG,NO
JBHGCDC,NO
IHEJGD,NO
ICBJHABCGEECDDCEHFD,NO
FGBCJF,NO
BFEFAEAFJCAJIIGIFGE,NO
EFDEBBFBGAFFABFFBI,NO
BHCAAE,NO
FCHIDHEG,NO
IFJCEDDFCEIGG,NO
GIAHDHCHDCEFJ,NO
HFICFFEAIDBBEJG,NO
EEBAAJJD,NO
AEBAFBH,NO
EDEFEAHJDAFHG,NO
FDEJIJCBEGDDCHIDFAIF,NO
EBFJDAC,NO
DDHHBIFJF,NO
DIABCAGAFFJBCGFCBECB,NO
CHICGIAFDJDCBBIIB,NO
HBGCBIACBCAJGICI,NO
HCBIAHIH,NO
BCEEGABHEJHDB,NO
GAHGHFGDFEJEGGJCCBB,NO
EAGBDBJEHDAFFII,NO
JDGGCJB,NO
FEAGHHJAHAFEAJIFCHC,NO
JIACJABGHEFCJ,NO
CJGAFBHGDIHCCJACB,NO
GBEHFE,NO
HAJGBAAHJDAJIHJJEJBF,NO
GIBGHFFFGFEFFEHGG,NO
GCCGJBFF,NO
GJFGFGGIDBEJDIGBADH,NO
DHDDAFAFCDAGGIEAHE,NO
FFABIJG,NO
FGCABHAHJIHBFAAFCG,NO
GFGJIEIFBC,NO
EAAAHJIDDCJBBFED,NO
HECCGGCHABIBJEJDDCCA,NO
HFBBCBCCDFBHFFIDFJIE,NO
EHGGCCIJFBJCJJDCDGEE,NO
DCAAJDBAJHBBAEBG,NO
HCAGBHG,NO
FHHFGFABCICBJ,NO
CIEGHFAEAIJFGEGAHGH,NO
GFEGGICDF,NO
FBHHJEDHC,NO
DGIABABHBFCEIBF,NO
HIGFJJIBBFCEEG,NO
JCADCBDDHAAIJCAHCEBA,NO
GGIGDEJHDEBGDDDAAD,NO
DGIHHIE,NO
IEGDFJ,NO
IJHJIFBFCFIBAGHBCJJ,NO
JBFHBAJCHHIJ,NO
ABIGJIDHHFCHGFG,NO
FEDGEEHEI,NO
FIJJBJDCJFD,NO
DHHDFECCJJICA,NO
JGABAJG,NO
FBGCFJCAGFJABAEIEAA,NO
AEDBIDEG,NO
CBHIEIJ,NO
CCCDIGEDCADBHAGAHABC,NO
CIAACC,NO
EDDHIIDBCFEBGAIGJE,NO
GBFAACJIIGCEIEDDFHI,NO
HBHFJFFBFFHIDDFJGEI,NO
DEEFDCJAAFACDCBFBBJG,NO
IIECBGB,NO
ADHDGJJHGJFBAACEC,NO
JEIBIA,NO
CHGADFHF,NO
DEDCJGEGAI,NO
JGCBHECAC,NO
DAEHGCDAGBGIJHBAGIA,NO
JEBDDFHFEBDDBIBGEGH,NO
BHGBHEIHJDABCAGG,NO
HEFBBJCA,NO
HAEIDCGGFDHIAGHBC,NO
AEGDGHFIFCGH,NO
ADECAAJCIDIGCG,NO
EIEGADECDHIJAAGHC,NO
IBIFHEHGBAJDBDCHFGAH,NO
EIJHDA,NO
DHJDCDEFGA,NO
CBGADFIAFGD,NO
HHIGHHDIHJ,NO
JECGGFDEHDAIDB,NO
CFBDGICFD,NO
AFFCCJFIBAAJHGGJAE,NO
CADDEIBJJHBBGBAF,NO
JCEEAAHCH,NO
JEDIGCIG,NO
BAJEEDDHFEIHCBACAE,NO
CEDFBJHCJHCFCBFE,NO
HEECAGCGFBFBG,NO
JICGFGC,NO
AHGCICJGJEHGAJADHAH,NO
EEHAGHDGCIHACGEEGFD,NO
FGCJJHAD,STEAL
ADGCHCCGD,NO
CFICHG,NO
EAJFCDFBCJJIHJAH,NO
BFGHDEFCCJBFFE,NO
AIFEGCF,NO
GFHFIIBGDAFDCDBFJ,NO
HICIIA,NO
BDGIIGDEDBDGFIHJEIG,NO
CAIFJFJG,NO
JIABBJD,NO
ABBJGCADACHGGAHA,NO
ABJDGDHBG,NO
AAIDFCAHF,NO
HGAJFDBHJIDBGJFGHDJD,NO
AADFGJHGGJJGAJJ,NO
IEHCDHDIGEIJJFFFF,NO
HBHDGI,NO
FHJABFDECGBD,NO
AJCCHABECFGEHIHE,NO
JIGJCHJEAAJDGC,NO
EAACGJGBFIHEAIEEG,NO
IACEHEFCEEJFCI,NO
CECFCCHIGA,NO
BIAJCDHBEBBEI,NO
JFDHHJFGCCGH,NO
BAAIHDJGHJH,NO
BCECBFDDIHHDF,NO
BICBAIIDGCABFDJCDGC,NO
DGAICCJCBADGFDACJIBI,NO
CJJIEED,NO
HAGJIHH,NO
EFICEDDFICDCEFAE,NO
ADCIBJE,NO
HJCEEDCCIEBDEHDJF,NO
CDBDFCGFEJHBI,NO
GDJBCJGGIEBHBEIG,NO
DJBIAHEAEFAAF,NO
EEHJJIACIBI,NO
GEJFCAJCAE,NO
BIBAJJBEBADIAFCDBJI,NO
EJGFJDIAAH,NO
HHJIAECBDGEGCIAFJ,NO
FDDCDACDCFHIBBJBIGE,NO
BEBAEGAJBEGADIHJG,NO
BHGAGAJHFEC,NO
ECJJGCHDAACHGII,NO
JCIFCJDHD,NO
AABDFI,NO
BCEECEEECBEIJ,NO
EHBDIACHJEHFCFG,NO
EHJGHCDEDDDDDJ,NO
HDHFHDAIBABCH,NO
IIADCHD,NO
AHIAECBFBAC,NO
DBAADBGCB,NO
IJHCJAIIE,NO
HAGFBC,NO
BCIAEJHHIHIIEHACDG,NO
HHHGIFAHCDDJIDHDAF,NO
CBDCHAFG,NO
EAEJFEEBABGJIDD,NO
CFAGJJGAAAIACGHEIDIJ,NO
BFEIDAJF,NO
CBIDHCFCCDIFADDIIE,NO
DFICEBE,NO
IBBDGBHJFJ,NO
HIFDFD,NO
FIHIAEAFD,NO
GDDAIJGCC,NO
GHFCDAAAGJHJGEGFBFBF,NO
IIBGCACHAGHAH,NO
FAFJCJFIBJE,NO
JCBFEEI,NO
EBGECEEFJBIDBGI,NO
BEAJDHIHDEIDAA,NO
BCFAHCDHHHECHC,NO
GDGAEGFHCICJFEAAD,NO
CDDCJGH,NO
FHCGGAE,NO
HHCCGJDG,NO
CABJGIJCFHD,NO
FGHIFHACHFBADDFJDD,NO
AIGHHBHDHHDAABD,NO
BGHCIHJGDDHCFIICFIDH,NO
CJDICGGAGIFDF,NO
DCEIEFCHEGECIAHID,NO
HFJCJFAHD,NO
ADJIEBIGCHEEBDF,NO
FDHAECA,NO
FJACFAEFBDB,NO
DEAHIBI,NO
DHFJAGBBBBBECEFBJ,NO
JJFEFIHCDEBIEF,NO
EEJBBIFFE,NO
IBFIGIJG,NO
DHFJEJI,NO
JGAAJECIHHAE,NO
AICIDABJBDCBGAA,NO
FGGIGHCHDFIJFE,NO
IDDHIABEGJFCEHBJHF,NO
BABBIFGBJGFJBHEA,NO
EEIIAABAGIHEIGABEGJ,NO
CFBIBIFEDEHIJH,NO
JCDHFAHICGBBCI,NO
BIFFCFFDHFAA,NO
AABEJGGGHFCDB,NO
IJEEJIGHCABH,NO
EJHBAEFAJ,NO
CIJGBEDBGBDDA,NO
FICEJDBEFDFEIIJAJ,NO
BGJBFBBACGBFG,NO
IJDBCIJEJAHBBG,NO
CFAABDDAFAEBABCF,NO
FAGAFGABJFAIFC,NO
ADBBCGHEDB,NO
CGDAHA,NO
DBCGEIAGAC,NO
DIEJDEIGCBHBFDIEAEJE,NO
ADHIJIHBBCGJ,NO
EFAEGBHFCJDF,NO
HJCEHBE,NO
HJADBB,NO
JBGGFHHGIEIAIHHH,NO
BBJCIDFFGJHE,NO
HAJGIHBCIGJGHBEDEBHF,NO
HDDFJHIBAFHEHB,NO
GJGBFGG,NO
DBGFFBJEDEIBCACFFII,NO
ICBIEHFE,NO
IBIIIFCIAFJBHEJBCGDD,NO
JCBAFFCEIJCDIDIH,NO
CIJHDCIECEIHGIADGGEF,NO
IBJJGIHDJDHIF,NO
BJHHGJIGBFEAHCCEF,NO
IDIBBDBEJGGEGBAIH,NO
IACBFB,NO
DJHBHCJDJHCJHBIH,NO
AECCHDI,NO
JBBCECEHFHHJDAGEIG,NO
JHFHIFHGEHFFE,NO
GHFFGJE,NO
JCFEHIDHHDBHFJCDGGD,NO
BCJAGEFFBIHHCBDC,NO
EDFECIHDHBGFJADI,NO
ICDFGAIJCDFFBC,NO
FGFCCHIG,NO
ECJDCDIHB,NO
DCBIGGEJHJGBDHFHJDB,NO
HHHBCGIEBGIBD,NO
BIFAAJEG,NO
JGAIJEBHAGEC,NO
DEEEABEICJ,NO
GEFBIEBGCHEAJGBDIEIA,NO
HDDCCCIFEGI,NO
DGHBFJEJJJCIIAJHJ,NO
HCEAAIFEGBGDHEB,NO
JHCCIIJDJA,NO
AEJADBFIECEEFEBEBDH,NO
GEDICFFDFCAJFGGHBC,NO
GHBIAJEFIJFCHIFHIC,NO
AICDGGJIE,NO
CJGIAEEHG,NO
ECBGJHDCHBG,NO
EDFADAEJBCFFF,NO
EAHAEAICDFECGEDHGFCI,NO
AIBJECFG,NO
HCBJFEAIFCDIHHICGHFA,NO
EDHBAGHDEIACHC,NO
IEEAJGCDCEEJC,NO
HAAFGIAAJAC,NO
FDHEIJDCEBJIDDBBI,NO
GHGIBHBAFBFJCJHJFGFJ,NO
HCJBCFEGBAAFHDBFD,NO
HGIAJEGDGJBIACFCE,NO
EBHJABEIJFFFFCC,NO
GGIIIGGJCIGJ,NO
GHCDEGHGFECAG,NO
JJJJFCEBDCE,NO
GACJJGAGBBDGBAE,NO
CAFBJCCFCEIICHI,NO
CCCJFC,NO
EIGJGIEBFACAGGIHGJH,NO
CJGEAJCCDEFDGEBIEHDE,NO
HAIJBIBEFFDF,NO
JBJJGDJDIEDEIGFFB,NO
DJFCDG,NO
IDEBIGI,NO
HDGFDHFHCHAH,NO
ABEBHICECEJC,NO
IAFDBEAFBDDC,NO
FCJGAHFBEIFEFFAC,NO
EFAJGIFGAHAFBEE,NO
BFCIBCAEDDACGIIDD,NO
GCFHFCCHHBG,NO
GGBBBBFJDEDJIHGGC,NO
BABFFAJDHGG,NO
AADIDFGGJEDCCBFJAC,NO
GHCIEHHAGJGBHFBIAFI,NO
HIJACDDEHEAB,NO
JHFJFDJJFI,NO
BGFHEGGBAI,NO
HDBFCJBFBJFFHBGI,NO
BDGBCAHCFCHA,NO
AGFGAHJJFIJE,NO
DIIGEHBEGHBHICGBCG,NO
GGEBAEDEBHBAE,NO
FAIJICCCEJDBCDBFIICA,NO
FJJCAA,NO
EACCDCEFBBBIFCDICFDC,NO
CCCGBGDJCAJJ,NO
GCAHIBBCHGDCI,NO
CFEIBGIJJHA,NO
AJCAAGIIFAEFJGFDFFGD,NO
ACAAHGJDC,NO
EHDEEHJBEBGGB,NO
BEEDBAIHDAEHFEJA,NO
HDFJJDFEGGAI,NO
CIJDGIGCAGAJGHCA,NO
GIGJEBCD,NO
BIAEDJG,NO
HCIACFBFHIAEEJFHB,NO
CEAGDHJGDBJDFCI,NO
FDGJEFDIJHAGGIHB,NO
HCJJIHDCGJHEGEFCFG,NO
FEIFBBCBCGHCGGFFC,NO
EGEECECACB,NO
IBBIFECHFH,NO
AFBHGBBI,NO
DDDDDFHDFGH,NO
FJGIDBGBGFCGFEB,NO
EJCGCBBHCAB,NO
CABFADEFJFDIHECIDAF,NO
EBCEFHAAFCA,NO
GFABCCHJJI,NO
BICGIDAIF,NO
BFAICAIGCAGGJ,NO
AJAFFHFADAHAGDHEBIAH,NO
HIDCDHFDB,NO
JIEAGIDF,NO
FIAGDDGIHDIC,NO
HECFFAIABEEAGAGJBIIC,NO
FGJCHDFIEBEIGAC,NO
DFIJEAEJ,NO
EDFEJCFJBBFA,NO
HFCAHAEEFIHGGHFEB,NO
ABHEFEHAHG,NO
JBJIAIJCH,NO
CIAGGDJHDIGCE,NO
FDCEJEAEIADGAEHIFBJF,NO
HJIFAAFDBE,NO
AHCCGEIIJJIAEB,NO
CCCHEFFAIABJ,NO
HHAHGGHEFGDHFAE,NO
CHGHBAABGGDECF,NO
JCGBJJIEHHAGFJI,NO
CHDJFCEBDFFDCHAA,NO
DJCFIHAEIABGBHAIEJHH,NO
CDJCFBJIGGBEGC,NO
JHGGGAAFJBFAHD,NO
BBBEDBJJCAFF,NO
IEGAGAJCCHEEJ,NO
EBBBEC,NO
AJAJAGAA,NO
IBJAFJFHHJDJF,NO
FGGIICCIBCFIBIAHE,NO
DFACHGHJGHG,NO
DAFHDADDICI,NO
DCDDADEB,NO
FGHGFGBEHJBBDBJEEI,NO
DDJEDJEAFDDDEHB,NO
DBGCDEICDHIBICHGGIE,NO
AECFGHECIAGC,NO
IHDBICGHD,NO
EADDEFJDCCHDAHIFBG,NO
CHGAHIJGIJJFHCDABDEI,NO
AIBGFAGBG,NO
FEFIJAJB,NO
FEJAICJFJEEADGJFAFJ,NO
BIEHJABIJ,NO
AEDFIBG,NO
HHBEAGFHECFI,NO
DJJCFHBBCAFI,NO
GFFGGHECCBHDIB,NO
AHFGDCDJEAGJIAEBDICF,NO
IEBFDBAG,NO
ABGAIHGEGJAB,NO
EGHFIDGCCFJHEGC,NO
HFEEAEJ,NO
EBGGFCFEAFBDCFEDEJD,NO
FFHAJJD,NO
FHIGIHGA,NO
AGGDHEGIF,NO
JAJFIGFDIHDC,NO
JHHADC,STEAL
CEFCFGDACJDEDGGCJ,NO
AEADCCHE,NO
HCGJDDHE,NO
DGDGICHCAJDCBIEJJEB,NO
BJCFDEIAEEEGAB,NO
BBIGHAI,NO
AEIHDBIBDHHBJEGEI,NO
GIFGBDCACHCGFG,NO
HAIIADJIIBEIFGJD,NO
GAEAHAHJFIEDI,NO
BAFEFEDEG,NO
GCDCDAFI,NO
IBIFCHEDDACADBE,NO
BJEIIEGJHHGBJ,NO
HEFHJIDEIJ,NO
EAAHGB,NO
EIDIDEC,NO
DJACIFFEHIFEGEIDCAFB,NO
BECHGABCHGIGEDAABC,NO
AAJEEFAAABACHEEBAFHD,NO
IBDEBIHAB,NO
BACIAFCHIJAICCFICAJ,NO
FFGBHJIIEGHHBFFJBCDG,NO
EBBCHGCIAJDDDDJE,NO
FJGJFFB,NO
IAEICFJJDIIFDHACEFA,NO
JGFCDJBCAA,NO
ECACACII,NO
HICAGBECEEIIGAIGIGCJ,NO
CEFJAAIDF,NO
JCHDGCHIGEAF,NO
IGFCGCEEJCBAFGECEEJD,NO
ECDDFJBEJB,NO
EHEFFGBCEB,NO
BBEFCFEFICJJIBEEBJJ,NO
DJJHBJAGEIJGGBBJEBDD,NO
AHJIFIEICDBHEFEEADDG,NO
BDHGJAAFBJDAED,NO
HDGDEIH,NO
FADFEC,NO
DHCJECGJFBDGEGDHJJ,NO
CEHFCEDHADJHJGCI,STEAL
AFHACADBGBEHFEEGB,NO
IFHJJHIDDIHEIB,NO
EJEDBEHHFG,NO
BCDJGAHB,NO
AGDJCGEGCJABH,NO
IDJGDDBICI,NO
CIAFEGFIJJJEE,NO
BEEDBDGDIACAG,NO
BHDCEACAJIHDGJ,NO
DGHCIDAH,NO
BDDFHDJE,NO
EFBFBHCEBDIEJBI,NO
FHJJFDGHFDFJFIGHI,NO
EIIGAHHBCADIHAAC,NO
ABJJJAEDFEAFEGJ,NO
JBDCAIIFEEFD,NO
CDEDIJGDDFBJHAB,NO
IDEDEGFBEDEJB,NO
EDEIEAJGG,NO
FDAAGBCFEBAEBDJFIACJ,NO
JCBEHGCACIEBEICJC,NO
BEBDGAGGCJAFBDIDAD,NO
BHFDEJJAGFAABAEI,NO
GJACFJCGEBEEDGADJ,NO
AIAIAIIECAEICFBCA,NO
HEAAFADAFEHI,NO
EFBHGAEHJFCJGE,NO
HCEGBDJA,NO
JGJJBE,NO
HBIHFGJDHABJJBA,NO
FBHIFABJFFHDBD,NO
DEDCIBFDBDCDHGEBIAC,NO
ABGEIAHAEACBBADJD,NO
IHCJIJDIEHFGCE,NO
GHDIGCHIE,NO
HBHAHHIEFIICHGAGBJE,NO
GBCEHGHC,NO
GFEDEFFEIDFJD,NO
CGBACCDE,NO
CIICIJBDB,NO
FHEEHFFHBFGDFFJEEGF,NO
HEJIFDCADIBEJHC,NO
HHJFGGC,NO
AFDGFA,NO
BAEBGHIFBF,NO
GDIBDECEFAAJ,NO
JHEBJGC,NO
BJIHAEFEAF,NO
DJJFFEF,NO
FAHCEB,NO
CBAIJJGIJBIHDCFICBG,NO
IFBHIEJ,NO
JBHDAB,NO
DCEJGCECEAAHDIAHIBAH,NO
HBCAFHJHI,NO
ADCBEDCIJIFJBHFAA,NO
AJIBFCH,NO
FEGDADGDFIFHJBG,NO
CCGEJDJGEEDFJEBGE,NO
DGEGJAJBIIDAJ,NO
AAJGBICABDBBGEGCDHC,NO
IBHBACDJDJIBF,NO
FBJIJEDGHGGIH,NO
FAIEIE,NO
IEDHIAHBC,NO
FGFAAEHBBBDAGG,NO
EDAHACJIGDBEAED,NO
HIFDDBDEGHJ,NO
JFDGFFHGHHGBE,NO
DBBGHADIFEI,STEAL
CCHADBIBG,STEAL
HDJFDIIEHJCEEJCDH,NO
JHGIBHECBJAFCBHGFIJ,NO
JIBGJBJDHGFDECCGAFBG,NO
EGCEEDGEHFADBHFH,NO
FEHJIJCBCIIAFFADIIGH,NO
FIACACADBBIAC,NO
ECAIFCIBBHFICDAHCJFI,NO
GIFIDABEFBAHIJJA,NO
HDAEDDGAEADH,NO
GEIBCGBJICJEBEH,NO
CHAFBIJIJJED,NO
EBFJJJAACFHHGFECGECH,NO
EGHIFAHHE,NO
CBIBIIHIEDIEB,NO
IIDHHF,NO
EJDDHJBB,NO
EBAFIHJFBCFE,NO
GFJHDFDDIC,NO
CFHFBCBJHBFD,NO
DBBFFIBGACHCHD,NO
EBAHFGFBIA,NO
DHAGAFACDBF,NO
DGEEFBIHECHAEHE,NO
FAAECBJC,NO
DBGGGEAFHAHGGCCGG,NO
IGCADEGJIFI,NO
IFGHHDE,NO
BHGJJICJJJBDABE,NO
AIEIIABFDJ,NO
IGHGIFFGBIIHAJIEGJ,NO
HDFGFBJCDADFF,NO
BAGBJEBDCABFFJD,NO
CAHAJJJCGA,NO
IEDGDJB,NO
CEICICFG,NO
BEDCIEHACEEHDFFHDFIB,NO
DFHBGGGEBCIBFEBDA,NO
JAFBFGIE,NO
BJIHABI,NO
CJDJDHEJ,NO
AACBJIFAGGHD,NO
JDHHAFADFG,NO
IFGBJFGCH,NO
DJJFDC,NO
AEDJBECJBBBEBBAEHGJ,NO
GIEFGAEIEHF,NO
ABAGHFFE,NO
DHDIFBIF,NO
HBDFEF,NO
HDBHJEGJIBCDFF,NO
BEIIHFGDBCIEGHA,NO
AECJIIICDFGFJ,NO
HIFFAHIDJJB,NO
CBCCFDBGFCHFCBBEF,NO
HFBAGADJJHIG,NO
BHBHDD,NO
JABBCDGBGJDGDHID,NO
JJDJDBBF,NO
CJCFICBFBAB,NO
ADAGDJGCHGFJII,NO
JJEIHHIHCHH,NO
JGCJDADDCEJEBDIEGJFC,NO
JDIFIFIJEEAJBFEJE,NO
HBAIFEJHDBAEDDAJB,NO
BIJCDDFDDFDCAEJD,NO
JHFFIGGAGAE,NO
DIIEJDCDDBIJGHIDBBBA,NO
FEGHJFCJACHACEAHFEJ,NO
GJHGHB,NO
JDFBIAIHFAAC,NO
BGCGGCGHGIBFBAFD,NO
BBDJEIIAEG,NO
GBHBGJAAJFGBICBHIJB,NO
GAEAJJCGCDIJHCCCAD,NO
CEDGCBAGEEIAJJEBBBI,NO
GGCFHBEHGFAF,NO
DECGHDCAABIGA,NO
CEEICHEGCEGBCGEFBIAD,NO
ECEHHJHB,NO
IEHHJDAJGECIE,NO
FGGIGFICC,NO
CBHIAFDAEIACICB,NO
CDHDIECGEIBAD,NO
ECCIBFFDHGBEEEACDIIH,NO
EGBAHGDDIGJAGG,NO
EDBECEGEAJCAD,NO
DEHCBID,NO
IDIFIGAABCHGGCCC,NO
BAFHFCC,NO
EABAEIJG,NO
HAAEDAGDEBHC,NO
GDCJDBJFFEACEJBJA,NO
FACDHCIECAHEAEIJCJCH,NO
CBAEGIJFEAHAJCHDE,NO
BJADCBGFIJDDBCFAG,NO
FJEFHDFDEEGJII,NO
IBAAGEHABGAEBDEIIJA,NO
HEHBFDGGJIFBDGHCHB,NO
FHCHCDIGCIHIHI,NO
ADHJIECCGDAA,NO
CEADDCAD,NO
CCEJJBEIDEGFHIBBC,NO
AACDFDDACGDIAECFBDEC,NO
AIAFGIDIHABABGHD,NO
GEGDEDJGAEGDHBF,NO
BBEGCBBBIDDFJAEE,NO
HAHFIGIACDJIHAA,NO
EACDEBAAJ,NO
JHCABCFB,NO
AEJDCHGCGJCJJDFEFJF,NO
FFFBFEFFCAIHC,NO
HDAAHIEHCIFGB,NO
EEJCDJ,NO
EJJHBCAG,NO
GEFCHCAHDDCH,NO
EBHDBDFCIHG,NO
GEGBBHE,NO
JJBFHDIDBGGDGD,NO
CBIFGCCEHGCJJAAEBI,NO
FDIHHHBD,NO
FEHAEHEHAIFAJBCE,NO
DJIJFHIDIJCDH,NO
HFFFDGABBIFFAJBAGCG,NO
BBABCJEJ,NO
FAFJEGFEFCFEDBGAEBA,NO
FHIEDJGDFJCAJDCJHCJE,NO
FGBHDJCDGABBHGJ,NO
AEEFEDEJBEIHHE,NO
EHIBADGGEHBIDBBBC,NO
EEHACFDCCI,NO
ICHIADCADJE,NO
BDDFGEEJD,NO
IDIGEFDF,NO
IGGJGAHDGG,NO
AHEGHGJJFCEIGIJDIJFH,NO
CCGAIICHBAJAJFCCCHCE,NO
HBBEHFJA,NO
GAGCDAHBGHEJGCFEEBD,NO
GGCGFIBCEHIJEJBDJ,NO
CJAHBC,NO
CDHDFB,NO
FHJEDEJEFIBAFDIDCGA,NO
JHEHABJEAFEGGDFEGFC,NO
EHBBDFJGJHBHHAH,NO
FIECGI,NO
FIGCEBEBFGGAGJJBEEFA,NO
IJCHIEAC,NO
GGAHIDBJCIFBHA,NO
GEADIDIEBAFJDBAGHHGC,NO
HACGHCEBJ,NO
FJFCCGDI,NO
CHAEJHHEJIHHEEF,NO
CADAHIGJD,NO
CAFGABGFJJCEGDGGJ,NO
GFFDCIAFGBJDFF,NO
CCAABIDHEH,NO
EDAEIAJCF,NO
FDGHEBJDDHAHJF,NO
AGIEAI,NO
IIEBAIJCFEFJFAC,NO
FJAGIGGBJGFDFJDGIE,NO
CCFHGBFADFACEGEE,NO
EDFCICCBFAAGC,NO
IGGGADEGIJCDCACAJ,NO
DFAFBHAIHJEDEHCEJ,NO
AAFCDEC,NO
GEGCDBICDJGEHCJ,NO
CDCDDFIDBHAGJBCHG,NO
IBEICAEJJGH,NO
HECHIFBABJIDIBBE,NO
CGGHECJHCJBIHBCFEAJ,NO
JABJJG,NO
HGIIEEBBBCJEJE,NO
CHCDIC,NO
AJGAIAFEAAIIIC,NO
JGHEBGEGIID,NO
EECAIJEBG,NO
FBGJDFJACCEFBAFDGCH,NO
BCEIHG,NO
CFEFJHGFCFFCAJJJAEIA,NO
GJGHAEHCCBAACJDBEAC,NO
CIHFCBJCIFE,NO
HHFCEF,NO
DDJDFFGF,NO
CEEEFEA,NO
BDIGFAFJGEEBGFICDDGI,NO
GEEFFF,NO
EFHFFJEEBCJBFCHDJF,NO
CEBACHEFIIJIDC,NO
FIIGDACBECCABBGCID,NO
FBJHABIGEICG,NO
GEHJAFGECGHB,NO
CFDBEEEJBEIDHJCEBJHI,NO
FCCIHFGJCIHFGDADGDGB,NO
GIJGGAEFEHABBACAGAIC,NO
DJFDFIJ,NO
JCAAGG,NO
GHICCI,NO
IACDHCBAFDJICA,NO
ECDHACIHBBFECD,NO
EDAHEIJ,NO
DDAJAFAFEHBHHEHAGE,NO
FDGDDAIJJE,NO
FCGAGBFIIHIIJFJH,NO
IIEDHGIEGEFBB,NO
CEAEIGDEHJD,NO
EEBIAABGHIAJGIGAB,NO
GAHAIJHJJEBGFECBHDE,NO
IAADDCEFIDGCEIDD,NO
JDACHADGFAFF,STEAL
IEFJGBADHAGJHH,NO
EGIFEHICHIJEDH,NO
DHCBIHHBFACGJJCFB,NO
CIFDHDCDHEBEDD,NO
FIDDIJEHJJAEJIAFCE,NO
CDJHHBGA,NO
CHDADBBFIGDJCFAEBJFB,NO
CBHAHF,NO
HJFCJHEJCJCH,NO
ABAGEEC,NO
GGCEFABBEIBIEJGIJE,NO
GHHGGJJEGHBEB,NO
CFFJAEIFIJDDEGD,NO
AAJBAJJECGBF,NO
EGFAFBHHE,NO
GHBEJHB,NO
HDJCGICDDCDG,NO
JDGFBBACDCH,NO
GJFIHJDHBEJGBGIAB,NO
ECHJFDJJHBDGHGF,NO
IDEGCGHHHFFDGIJ,NO
AGDJDFFGEB,NO
BJABDEGEJIGFJ,NO
CEHCIJHEBHGJJBJH,NO
ACEEHD,NO
EECDEFAHIGE,NO
DEGEJJGIHF,NO
EFFEBFIBFCEDDA,NO
EDDDCEDC,NO
EJFBHCABH,NO
EEECGCACHDFGFBEGAG,NO
EAGDDHAFA,NO
DJIECJGA,NO
CHEAID,NO
DJIFFCJFJAHICAEDICD,NO
BHBDGIAJJAJAHBDHIH,NO
BIBDIIBJJ,NO
FBDBDDCIDFIABBH,NO
GFBHFBBGIDBBCFEEECH,NO
AIIAIJJCCBFBJCEHDC,NO
DAHBCJGBCAFDBJDB,NO
IGIIDGDJCDHADFBA,STEAL
DBCJHCJIBFHII,NO
EHDFFBH,NO
CDFJDJIHFHCAEAH,NO
EIEJHCDBIF,NO
GJCAIEBJBE,NO
HCBAHCFIBF,NO
FHDBIIH,NO
EAJJGCFGAGAGHBG,NO
IBJBHDHIFEBG,NO
DBGEBADEGC,NO
HDEBGECGDH,NO
AFGAHDGCEH,NO
FDDDEBEJDHHCFJEB,NO
HIACIHFAEG,NO
IJBGJBHG,NO
DFFAGEEJIEBDBDEFDIG,NO
FAJCHBHEDGEIGDGADBFH,NO
AEJHHEI,NO
JHHEJCB,NO
DBBEEEIJDEE,NO
JCGCFEJABHBH,NO
JDCGGGDIIEG,NO
EEEEDJAJBF,NO
IEJFDFCGAJJFHIG,NO
BGIBIABHIGFHG,NO
FIHABHDHBBCD,NO
FCEIBFECIDBCB,NO
DIIIGDCGGFEEBIBFA,NO
FIFGJEE,NO
HIDEFFBFDGH,NO
DBBGEAEHIGFACEHAB,NO
BGIIGFFIGEEJFBHAC,NO
IDFGECDIEAGJBICDBA,NO
HFJGDIBBBCGH,NO
BGGCJJHDDBJ,NO
GJEHCDIAE,NO
CEAHDGECCCIGHCJCGCJ,NO
AHHIJJHCDBEBHHJCI,NO
GEDAEJ,NO
DCEAGFCAGEII,NO
HHBAGIIFEII,NO
BBBECDHIHJFFCBFFHIC,NO
DHJAGJGJIHFAFJIIDJD,NO
HBEGBCBIJJFBHCIHHBE,NO
DCBBEGEDEJAFJF,NO
HIAJJIGCEAAGEGBA,NO
ABHDFFBDFDD,NO
HBBEIBFJEDHHAJF,NO
EGHFIBGJFEBJBJIBFIDJ,NO
DHJGDAEJE,NO
JGBJEHFHGJF,NO
AHIAJBEBGB,NO
JJCHIAAGBEDAEFFBA,NO
IGEFBIJIGFAIHFGIDIGF,NO
ABEAEGFJAAHHJCEGBJ,NO
CEBEGJBDHEEEEHJGIDCJ,NO
CHIHJDE,NO
FAHCJJJHFCEGGHBFDG,NO
JJCBEGEIIGFIHBGE,NO
EFHEBGIAIIBCGGEFDBJ,NO
JBBECCDIEBGCCJBEB,NO
FJBCDDBIEI,NO
JHGDFAGCFHAI,NO
GFCJGFECCE,NO
FHACBEICECGGGI,NO
DADFBFCEFAEJAEHJA,NO
IBFHIDJBDBFC,NO
ICGFGIAIBHIGDCJ,NO
EEBHFDJDA,NO
IABCFBJ,NO
AFHAFHHBEHC,NO
IBCHAAI,NO
AAJEIIDD,NO
IBACJBEFD,NO
GFGJJGDJ,NO
BBEBFCGDJIJHIEH,NO
JCGJEGACFDJ,NO
FICGGJCBGEIB,NO
BAICIDDJEC,NO
EEDEIIGIDBCBFEDFI,NO
GJIGCCIEDBB,NO
ACEBFAFGEEIDBIGDABDF,NO
DAABFHJFCDDCIDBGJA,NO
IDAIIGBHBCABE,NO
AHDFFFDBFJJGDBDBAIBA,NO
FGGABEII,NO
BJGJHBBEEA,NO
BCCEBFGAGCCGCDGC,NO
EAJAFHHCEG,NO
IAGAEIJ,NO
DHGBHEFFIEEBBDEDJ,NO
EHDBFBDBBFDFIEGDBD,NO
DIFIEHFGJBH,NO
IJCHAIAABHGJHEB,NO
GCHFBDJEIHHHCEGFHFA,NO
GECFBHHAFCCG,NO
CBJGIAHHIFDI,NO
DHJAJDECBIHJCGBBED,NO
BIGJHFC,NO
FFJBBCABH,NO
HBIAFFFJEDFJ,NO
GBECDBDGHEBJBBEHAHHF,NO
IFIIECHEE,NO
GDHCADB,NO
HIJEBFH,NO
BEIIGH,NO
GCJADG,NO
DDFJABCG,NO
HFFHJFFICHAADDGBDC,NO
BBJGCIDBBFAAJIDH,NO
CFDGHBA,NO
AEBDJIHIHADIJGEABAJH,STEAL
GIACAHFHBD,NO
GHBDFCDEFJA,NO
BCCAAI,NO
JEGBGEEJB,NO
FHHJDBJEHBEF,NO
CAGAIGCHGAJD,NO
FFBCADE,NO
JIGEJDABDAICII,NO
DBCHDJDC,NO
ADBAEIHCBDGHFDEB,NO
HCAJGHJIA,NO
GHHDCABFAIFCAEFBIIDG,NO
DBEFIJ,NO
ADAAAAFIEFDCJEFFGDCF,NO
GEDFCEGHJ,NO
JFIEHJGHDCFGHEIE,NO
FFHCCBHBAABAEG,NO
IEBAJDF,NO
BFGHEAAAHGBFFDJB,NO
HBAEGAAJ,NO
IAABFAEAGFBE,NO
IHADDGFBECCCAADGJF,STEAL
HABFHAABDGGH,NO
DCCFGHHDBIFJJI,NO
FHGGDGHGBHJ,NO
GECFIJICCDJD,NO
DGCAGAIGIDFEHGJAAJB,NO
HACHDECHCAH,NO
BIDDBGIBHFJDHAIBHCA,NO
HBCCAIIGE,NO
GFIHAJBAIE,NO
HDFEIIADGDEBIDEEI,NO
EFAJGEGAEGIJCB,NO
HBAIIDEIGHFHBFIHB,NO
BBHBAD,NO
JIIAGJCEDCIJGD,NO
HBJEGABHDEDJAFJGJCB,NO
IGGJFBAHAEAEICA,NO
ABGAHIJIDG,NO
CFEGAAAFIEC,NO
GFFCJDEGBICEH,NO
IJBAGGGJDDHGHDGEDAI,NO
DCBAFADBAAF,NO
AHAEEBG,NO
JFJFJAG,NO
AGGAHFHJ,NO
FGIDICEBIEDAC,NO
FEGJECHGGFBCAEAFA,NO
EGFDGFCIJAAEGECD,NO
FFDJGBDBEFDFCAGH,NO
ABHAFDAAAEEACCBAHIBC,NO
AEHBFJHABBAGJ,NO
IDFECFEEJAGEAGBA,NO
GDACBAAFJIJCDAJ,NO
BAFEBGBFIIDCGAADHJC,NO
FJABGGFIIAAA,NO
GBCFBBAFFBHCAICAHEE,NO
CFFDHIAD,NO
BAIJHFGHEHAJBBIGI,NO
HDEAHAHEACIDB,NO
ACAAGDA,NO
JJGBDGIIIGHIAC,NO
FGEFFHEACIHA,NO
GIBDGE,NO
CFGCCAFCEFAJGGGEAIHG,NO
EGFJJCF,NO
BCIIEJHIJAEDHIFDG,NO
BCFIIFIJDCFAJF,NO
CFDIJADJECFIH,NO
GDGGFCCI,NO
DGFIIE,NO
BFGHHBDCDIIGJDJHDJFB,NO
EGDDGDDJBBDJCCGGEIH,NO
ADEFHJHBA,NO
FBEJCCJHCEGDHIEAJIHH,NO
BGCEEJHGJIG,NO
DFGAHIJE,NO
GDFAIEIFGCIAHA,NO
GCHFJAHIIAGCF,NO
CDAAJBHHBEHAGAHHB,NO
DJDBIDCIIEDABAE,NO
FDJDFCAJAEEDHIFGEGDH,NO
FFEEBAAIAEHEECIHCI,NO
GGIJAE,NO
ECGEDJHIAJBADII,NO
IAJIEJDHCCCIJIGBDD,NO
DHAIJJIAAJFGBGHDFH,NO
JHFADBCE,NO
FFDHGHJFIAECIJFCIEGC,NO
JJIAEHEF,NO
IJBAJHHHAJEEHHHDDGFF,NO
HBBJCIAHGFEJJCAEB,NO
EGIEGJ,NO
JEHBCI,NO
GEIBCCFIJBFFCGJH,NO
JFIADHEC,NO
DGCHHGEFDJAGCCDHHIHE,NO
GGBBADFBBCF,NO
BHGCJH,NO
AJFEDJBIBHB,NO
JGIJIF,NO
JDJBDBAJBEHH,NO
DIGJFIJEICICJCIJIFGB,NO
GGEGIBBBGIDJDB,NO
DGDDEBIIABJAB,NO
JDIBDDABHGFCJD,NO
FBJDCEGEGIFIJBHIA,NO
HABHBBEIED,NO
AEGECEH,NO
GECJGF,NO
FBFHJDJDAFGB,NO
ACGHBB,NO
JEIHCEHABJ,NO
HBDJJCACFJFBHACFHGB,NO
ABGJAFJGHBEGEA,NO
ACHGCA,NO
CGFGJI,NO
DCFFDCHJF,NO
CGIHCAEIFBGGCDFG,NO
DEEIAJGGIHHAAFH,NO
CDGAGJDJGDIFFA,NO
DFCDDIBCFBICHBJGIEED,NO
EBIIABGFBBDIAHDHG,NO
HJICHIBJI,NO
BDBEGCHGHIIC,NO
GGBEEGEF,NO
FBGGAG,NO
DFCEBFA,NO
IGCGDFACHEJC,NO
CABACHEJAA,NO
EFEAIBDHGAAHHIF,NO
JBHJEAD,NO
GGCBGEFIAHGDJJ,NO
JGGCEDFGBDAIJ,NO
BJEEIAEEG,NO
JBDEDHAEBGFJGBHECIAF,NO
IABBAIFABCIDF,NO
ADAGIDDABEIBCCHCE,NO
GJCDEHEHDCHED,NO
EGHCJCBJDH,NO
JIIAFIFEDJICEJDIA,NO
GHGIFFJJJEE,NO
CEAEABBJAH,NO
EBJGHCHIIFJAEHAHJ,NO
CHHIBFFBIIIFG,NO
EGGDDJCIIF,NO
BBJEFDI,NO
DCFEJJGDDJADGEGA,NO
FCFGIDAJEDBBCJE,NO
IAEEACIDJBA,NO
CCIBDIEIHDIAJIED,NO
BAJGCBF,NO
DHHJECDIIDCAECHHH,NO
JCFDCIGJGHJG,NO
GJEJAJ,NO
JJIGEDBFCGHAHJ,NO
EGAGDGGGFAHFECIG,NO
JHHDFACJ,NO
FFGADJHBJ,NO
FFACEEFFFHCFBBHGIII,NO
IJEECJECAD,NO
BIFDHBHICAGEFC,NO
BJADEAECGFAHFECFCGG,NO
AFCFGHHAHDCB,NO
FJADABJBFGJII,NO
IIBBHFBDAJEFCADCICH,NO
GDAHDJJFBJHAA,NO
EIGBIIGJBHJFJDDFI,NO
AHCADAGDACJ,NO
CEEDJDEGBBHFBECEG,NO
CDCFJH,NO
HFHCFEHCDH,NO
JECABAIJI,NO
FEAIGIJCFFCF,NO
BIADJHIFF,NO
DJFABEEBGJ,NO
EBDCAJCIDHAFF,NO
JIDIADGAJGEHFEJD,NO
JIBAADJEBEI,NO
CIBCDFBBJAFHIIH,NO
EFEDHBIEIFCE,NO
BBDIGBFCCDBAIJECGAF,NO
GHDCBFIECBFHFGI,NO
BHHAHAHEHGCFBCGBD,NO
CFFJJFHA,NO
BFCJJDFGGBDE,NO
BDCFECIEHDGIGJJ,NO
BJECDHEJBHJGJHAF,NO
BBBGJHCFCBBCCCDGB,NO
CIBECGI,NO
CGDJAHEIAGGCEHAEFF,NO
JFJHHCJF,NO
CDIBIFHBEEGDEEFF,NO
GCJCABHCDBJAAJADCA,NO
EGCEDGBBIBCGDBJHECIA,NO
DBICEAEACGGAHEBEJJ,NO
DCECACBDD,NO
HIBJBI,NO
HHFJGBIJEGIGIBFBICBI,NO
AJJCAHGAFBDJAEDBIDF,NO
GBHCHHADGFDDGEIFFEI,STEAL
DEGECFD,NO
EIDIFD,NO
EACEEIAIJFJDJICE,NO
AFEDDDAHI,NO
JEBGABDBBDAECCIE,NO
AJJAIDDICBAHFHEAAJJ,NO
EEEJHGJCCEAFAFHEFIJ,NO
EHBJIDJAIBAHEIG,NO
EGBGHHADHJJBJCHIFCD,STEAL
GBHGII,NO
EEFGCFDJJG,NO
BHFDADHHEDBEJD,NO
FJHBFEJCEAADCJI,NO
FJHIABDECAIDFI,NO
GGBGEDFIHFJF,NO
GBHIHDBBCJBHHIIJJDIB,NO
DDIBHHEACGGIAC,NO
DDDDGHG,NO
JFGEDHHIJAIDAAIDAAJ,NO
IIEEBFFG,NO
GECHAGJFDJEF,NO
GDDEDEFA,NO
HFADCAAGCGAH,NO
ADDIHHFJJEGEBG,NO
ADAHBCDHAJIH,NO
BBICHBEABI,NO
DBGCIDFEIGABJCEGHFA,NO
DBEIDCEEE,NO
FGCDCGFHFIH,NO
HBEAHHIDDHI,NO
CEGCHHFB,NO
HAFAGIIIJEFHHAABJGC,NO
CCCFCFGHGFICBGDCFJ,NO
FDFAGJFGAEGDHF,NO
FBGBEHCGFC,NO
CBAEFJAEJDHAJFGC,NO
DEFAJHCHAAGDEDFC,NO
BBGAGHHEEDIJE,NO
IBHDEFA,NO
HHEHFAEHEADDCJCI,NO
EFGIHAAFDFFE,NO
CACHDBFDHCGEGHBAICC,NO
EHIACGDCJ,NO
ABGFCGGIFJGFHEGCDBEI,NO
FJBFGIDGDACH,NO
DADGJDEJI,NO
AEJBEDI,NO
FEAIIGFFJFGHIEFHBCHG,NO
GFDJJBF,NO
ABJCIDCFGIGD,NO
IGHJEAG,NO
IHCHDFD,NO
HGGAEJJ,NO
IIGGGHI,NO
CCABJAAFEJAHBBEAGD,NO
EHAJJFBEHDEGEIBBJGG,NO
AHFADDBD,NO
BJABGIH,NO
HGCGFHGFGIBHJIIFIJI,NO
AAGJGECAAHBCBE,NO
DBFDCEEH,NO
CIEGGJHCBEAJG,NO
IJJIECBCGHHCIH,NO
JBEBJHBGAGACCJHCJIF,NO
BIEAJCIAFJBGEDA,NO
ECEGDHEDCGDCHCACDI,NO
EBCFBCJB,NO
EIIHBGHHGCHJCBHE,NO
GIIBBHHEJCDC,NO
EHCCHFAFBHJJGBIDFDJ,NO
DICCJBJGIEEHGCDIJAJ,NO
AGJJDADHBDGFJJ,NO
CGFHJGFEAEEGFEAC,NO
IGEAEJBFIDGDFCAC,NO
JJHJFHJCH,NO
ACJIIHHGF,NO
FGAECJDFDIGHF,NO
JEHGFGBB,NO
FFAFAGBCCGFDA,NO
DFHFDAAC,NO
JJDIDACGDBIGHAEIJJHI,NO
DCJCFB,NO
GBHIIGIGEBB,NO
BGEICGCCBJF,NO
AGEGGGEAEEIHJD,NO
IEIDCGIBDJBJCBH,NO
BGGCBG,NO
BCGFGFIFAEJGJHFB,NO
AJBHJJC,NO
FABABDECCADAH,NO
BEGHFHFEBGGDGHAAJ,NO
FCIECJ,NO
JGBBHCDAJEFIHH,NO
FGEHBHHDACA,NO
EDJBBIDFJE,NO
HIHBAFI,NO
GFIJBB,NO
DJIJCDGGACJDDDFIAJF,NO
ECFAFBEACGDICBCEJ,NO
EGFIHHCDFGDDFGIHBIAC,NO
BHEDBEJJFF,NO
IJJBDF,NO
JHICDHEECJHIHEGAHFGF,NO
HJIDHBGHCE,NO
EFCGGAJHFBBDAGGHADI,STEAL
BFHDEFADBBEGHDJEEFGI,NO
EAJCECFAFCBFBGFJB,NO
JJDEGBGI,NO
BIGDFICJ,NO
DJECBIJEJIDEDEIDFG,NO
JEEDIADFBCBDDAFHDIJG,NO
FBGCCBCFHBHIHDCCHAGD,NO
AFHEFDHBGAGGFJG,NO
FJFFDJFJCGDCD,NO
DHCFIGIBGJJHCHEI,NO
HDAJBGECJDFFHICBH,NO
JEIIIHFAIJEBACFJDIB,NO
EBEDEHHHBDDEHHFJDIGD,NO
HDIFGABAIHEEG,NO
GDCCJBGCEJAIBC,NO
JFDJFHFGDHIDHCGEGAJD,NO
FHJEJCEDHC,NO
EGAGHGFIIACIBEIFDCB,NO
ICGBGAJ,NO
HAJIGEACDGFBI,NO
FDBJDBBBEJF,NO
EHJJGBCGICEE,NO
ABEBGAHIFEJABHI,NO
HJJCACCBG,NO
GEIGHIBGHAIFCH,NO
DAJFHCFDF,NO
HBAEBIFIGBFEEEC,NO
GGFJGHEHBFDHJAFIH,NO
GEDJHDJADGI,NO
CFFGFFFBG,NO
HBEFCCBJABICI,NO
BFECACBADAIDG,NO
HGIIAJFFFHHAFCJD,NO
IAEEBHGJCDADAD,NO
BAGBFADEEEIG,NO
FBEIFCJFAA,NO
IDABIBGF,NO
DDGADGGGICICAII,NO
CFBCAECHDBBIAHGC,NO
BJCFAFDDEHJ,NO
EAHCADFBAHGIDE,NO
IJBDIHDH,NO
AGIACGCBCDG,NO
BGJEBDHBGGICDJGAHH,NO
DBHAFFIDIHCHJCD,NO
FIBJIEFAAGFIADIAA,NO
BHAFFGFEF,NO
BGCEDJHBEHDFEHCDGG,NO
CGAHIIAIBGBHBCEDC,NO
BAJCDCHCGIEAHCDAFA,NO
JDHFAFFC,NO
CIEFGHJFGAFF,NO
AGBIIGACDFFBDGIHEHDC,NO
ADAIBAIADBBHGF,NO
IEHDFECB,NO
FGDEIIFFEIGI,NO
DIFHIIGHJJDIDH,NO
AFICJEICFF,NO
HJGJAGHJBDGJCHI,NO
DADIBGJJFICBHJCFFE,NO
CEEACA,NO
FCCADIIGCHCHIDEJHFGG,NO
JJBEEJFCIEHG,NO
CFEIHJHDBFCFFEDDFAI,NO
AEAABCHCG,NO
HDFDAI,NO
AAGEDBEJAGFHBFAIHB,NO
JBCDHEEGDHFDAH,NO
DBCGDFBGJADCIBBIGJA,NO
JIHEIJBEGIJFJBIGAI,NO
CGJFAFAI,NO
DAJJHFFHEBFDHC,NO
GIEAFICEHEBDD,NO
FBGABBDEHHEADGJAJJ,NO
CAHACAFHHAJIJAGG,NO
GIFFFDDIBCJ,NO
BJGDJJHH,NO
JEBBHIAAFE,NO
DCIEBIBFIECACIGB,NO
EJGEAAGCHJAIG,NO
HJEEDECH,NO
CBIDIFEFFAEDGA,NO
JIEDBIDCDIH,NO
AADBEBJCIABFAAEEI,NO
GAACFHIDFGICAGD,NO
DGJCIACIAFHEHFBG,NO
IHIDCIAGHFGCHDB,NO
FCDDHJEGDDDEEAG,NO
EJJDHFIFD,NO
FBCHGG,NO
JEIBIDHJIHAEDHHCFA,NO
AFACGABIBDEH,NO
BCEAEGGBFAIDA,NO
HFJJHCJ,NO
EEIIFC,NO
GDGGBGIJJG,NO
IFCEJDBFFHCEJIHBIAI,NO
EEJHCBFIHBCBHACCIE,NO
EJHBDJFD,NO
JEEHCCGJAHDICIJFJ,NO
ACAFIHHFBIABIBGIFIAC,NO
CIJGJHCGAIHB,NO
EGJIJFAAG,NO
FGBDEEDCAAGDABIC,NO
BDJCFFCDBCHJAAEFB,NO
CIBDHCBBIDDGBIFAADC,NO
CGHIFGFAGDAB,NO
BHEIEDDDCAAIFEIF,NO
FJAFBDEFHDJJGJB,NO
EGJCCICAEJB,NO
GCJIGBIDJFD,NO
HAHICGDJHEFGCAADADEI,NO
GCEFEDBJHCIEGH,NO
IGABHHIFFCDJHC,NO
CGEGIIACCB,NO
GBGBAFHEDABGIDJC,NO
GDDAEHCGHGCBC,NO
IBEAFEAEJGEJGHFBI,NO
DHCHDCEB,NO
JBCIIDF,NO
DCGBCJAHDAEIDEHIDI,NO
FHDAEEEGEHEHHBIHAEDG,NO
BEBJHFC,NO
EHBJAHIA,NO
JFGGGEGGCIAGJE,NO
FCHGDCCFBBJGHGGEHFJD,NO
DJEADB,NO
AJHCJGAHECEDDAHGJA,NO
JIHCGAE,NO
BCAEAI,NO
IHFBHFJBHHIAJGDEFIE,NO
JHFGDCBECBB,NO
JBIDDEAFEB,NO
HECHFIGC,NO
IDIBFCECCGDFFCB,NO
AECFGDICJCBJAAHC,NO
HJHIJHBJGFDEGIEEC,NO
DGDAGGIDADJJCADHA,NO
FCFBBGIHCEADAGIBED,NO
DDAFIDJD,NO
EFEIFIAIJIFFCICGHGGB,NO
EJAHHBJH,NO
GCFIJEIDFA,NO
JIGGAIICCDG,NO
IGHADFEAFAHBAFJAFFJJ,STEAL
GECACJJDCHHIBGCJIIC,NO
DIHHFCI,NO
JDBHCFHCJIDGADCAF,NO
HFJAJDB,NO
DCBGFF,NO
BGHBCIIJGEAB,NO
FHBIBGFGFAAEBBEBGF,NO
GFGAGBEJHICDADFCGDBA,NO
BBEEGFDGEJHGBDG,NO
IICHFAJJBDAGHJJEB,NO
HDBCAJBGHGB,NO
ADDGDJBGIHHE,NO
DACDGGFBIDCBBJBJ,NO
CCICIEJCJEHCJIGHIJ,NO
FAGACG,NO
FCFEEJGCFAJ,NO
JCCFABFBE,NO
AHGCCHJGHADDFCDBGAB,STEAL
EAIDAAFH,NO
HJBJCHJBGFCFIJ,NO
FIEIFDBAFFEHH,NO
IAHDIFIADCIHHCD,NO
DHBIHIG,NO
JFHBCB,NO
HIFHBCBEHHFADGHIHAC,NO
AACBDFAHJG,NO
ECJDEEC,NO
IBAIDFDFIDIGGDHD,NO
GDHHHCIJAFE,NO
AABGFAGFDB,NO
AFFJCGEJDCHH,NO
JGAHAFGDFJEHECAEHJJA,NO
CEHAGBEEIDFD,NO
FFAJEDAEBBGHDIJJFJI,NO
ECHEDCDGJAIBICDBHCED,NO
BIABCFGHEBJJDCJC,NO
BIGIHGIJBAEBGBE,NO
IBCHDE,NO
FHHAJHDCAIGEHJE,NO
DJCEHHAGJA,NO
GHCICFD,NO
HFEBBBICH,NO
EBDHEAECE,NO
CEDICHGBJGGAICBHAE,NO
JEJFEEAHFFCIAGDDG,NO
CFFGGII,NO
HEABAEBHD,NO
EAIJCCFIDI,NO
FDFDDCHDDEGBHJHFAA,NO
ECCGDAJEHAEB,NO
GIDCEDHIHAEGG,NO
EAEHFFFBEGBFH,NO
CHDDCGHCEFHDHDHAADE,NO
HCIEJCIH,NO
FABGAFDCGFHJDD,NO
IBHDGFCDAICCB,NO
FGCHGJA,NO
BBHHIAG,NO
HDJHABDCAIF,NO
CFHABAJAJIEGCDIFHEFF,NO
HADIDJDIDAFJHICHAG,STEAL
BBIEDJJFJEAEI,NO
GIFFHDBGABJGIJJ,NO
CGBAHFHCJCJIEJBHJFIB,NO
JBEIIFGDCDBA,NO
DDCDBDFIEFAA,NO
CJAFFADCBAJHJ,NO
GIABJD,NO
EJBFAJEHGCBBJDFCBDGI,NO
IAHAFDHGJHEG,NO
EJFEGGDFAAIEIHJAHF,NO
JICHFDABCCIHJJHF,NO
GHABCEDDEEDJIGDEEHA,NO
JDDJDB,NO
BEHCCIBCBF,NO
JAFIGBBGIFEHIHGEEHGA,NO
BEGHBBEFAFGAIGIFAI,NO
DHFAJCIHCGEIFEBDBB,NO
BBJFFAJADDHABCBAEFG,NO
FGAAAIEBEEFBEECEFFJ,NO
BHFGEEHAEJJ,NO
BIDBEI,NO
EFDBAJIFBADCH,NO
JDCCGJCABB,NO
DIEEJEAGFFDBBGGBJ,NO
CCIFDJGEHGEH,NO
BABBJIFE,NO
FJDJAEADJIBEIIHAAEBB,NO
DEDIDE,NO
EDDGEGHAHDGHEF,NO
IJAIIJI,NO
DCBDDIECJCFAGFJGHAG,NO
FBEEAGEEBH,NO
EIIGCDCEGIGEEDDDH,NO
AHHDBAHDJHJHIFHAAFI,NO
BAEIHFEJBDIAICA,NO
DJHEIDGCAAIFFF,NO
AFADHIGJGADCEFF,NO
ABIGHBDDJFEJBFEGC,NO
HGDHBIJGHDGEBH,NO
DBEFAJAJEFJHH,NO
IJIJCGAEFDGCICDFG,NO
AJEEBD,NO
DEIGCJ,NO
IHJIEEEEHJCI,NO
JAGHGHAGFEEBFDC,NO
ECICDBEAEID,NO
HHHEEAEJBF,NO
CCICEJEFGJFEGDFBABI,NO
IECJAFCHHGAEIBCGABHI,NO
GHJDDHEBD,NO
ADCHAB,NO
EAHBHEDGCCHADHGA,STEAL
DBEDCJJFGHJDDAGID,NO
FACGAEIGFIEA,NO
EGCFHCC,NO
DICFEB,NO
ICAGCIDDJ,NO
HFBEABCFJHJICBGEDGFA,NO
EFGDEDFDG,NO
DCJDECAJDH,NO
HDAJFGB,NO
BGCBCB,NO
GACDCIBDBEJHHEAJA,NO
DICBGJGGJBJGCJEFEJD,NO
BGABEDFACFBAIJHDIEI,NO
JEBJAFBDIFJAJDBJDFIA,NO
HGJDBJHJIBBGD,NO
AIDBADCFHIJHFEHBHFC,NO
JJICIDGGHF,NO
EJBFGAJBFC,NO
HFGDDCHDBEAHDJJ,NO
IEHDGDFIDEDJHEA,NO
BAFBEHDGEAJG,NO
GFCFEHIFG,NO
JJBCGJE,NO
CGIGHDECDAEIEEAJ,NO
JCDFIFGDAACC,NO
CFIHEADGDE,NO
IGJHHHAABJBDE,NO
BABEIEJCAG,NO
BFAEFDGDCABCE,NO
DIHHBHD,NO
EBAEFD,NO
IHFEBIJBFCJCDEDGB,NO
BHGIJEEIBACGDBCEFEBB,NO
HBBJEDADDGDAAIHFBDHG,NO
FECAIAAADHI,NO
BCHFEGGBCFJC,NO
GCBHJAC,NO
AECEIIGABBHDGDEI,NO
AHHJEABBEDAJIEDBJEH,NO
CBIJHEAJDFGIBAFECCIA,NO
GGFCJB,NO
JACAHBEDIIEF,NO
GFCEJEBBE,NO
BDBHJEGHHJ,NO
FJBEIIDDACCFECAIDA,NO
GHECJEEDEAIJCHADDE,STEAL
AAAEGGJECBBACAF,NO
HJGFDJHA,NO
AGGHIABIJFGDHFF,NO
BCHJJCHFIJBEBCG,NO
ECIEDAGI,NO
DIFEEFDAFHH,NO
HEACCCFE,NO
JJFCAEDDDABFCHDCGHDA,NO
IJAIGADHHIFEGGGGIJIB,NO
CGIIGHHCJJGGDIIJHHAA,NO
AJAABFEAGJBBIAFHF,NO
CBFHBDIG,NO
GACBGHGEEHDDIBIFJFHD,NO
CIFBAEDEFDABCGFAC,NO
GGFGJJFGFADFHDFEJ,NO
IECBJIB,NO
HGFJGFCIG,NO
AACBIEICIFDEHBDHHB,NO
HGGHHEA,NO
IBCHDECHGFIIEJGIG,NO
HCGDDEBDCAEFBJG,NO
BJDAAGADEAHEJAAGG,NO
CJJAJHBBAJE,NO
GJIAEBIJECDAEAC,NO
CIACFCGJECJEEHACDHB,NO
JGEDAJBJJ,NO
BEADCBA,NO
EDBJDGCJDHAECJ,NO
EHJIAEGCACIFDEDBCH,NO
ICGIAEAIAEGCAEGDJ,NO
IBHCJAEFDGGIFIJBAI,NO
BFGCJGFFBHEGEAF,NO
HFBFFFIEHFF,NO
JAJFEIEAHBFGFG,NO
JGGBFADJDIFGBDAA,NO
CHHGIBGIHHHJ,NO
BACJDDCI,NO
BGDDAAG,NO
BHFCDIH,NO
HEECBDHFIC,NO
IJJJCAJEAD,NO
JJFEAFJDCGBBIFCI,NO
DDJBHFEGDBAA,NO
GJFDCEI,NO
IEAAAAFJCHIIEJ,NO
BJFCGCGGHCHCFFBJ,NO
BBEJABB,NO
ADHJCDGG,NO
BIGEHACJJJFCGJG,NO
CBCBBIDHGGEE,NO
AEFIDHFDHC,NO
IGAFHIHEBEIFFFCGDJG,NO
AGHJJHGF,NO
CEEEDEFFDGDCIEFID,NO
HEGGJFDFBFJI,NO
FFEIJJHECJBBDDCICIF,NO
DDCEGJJDAHBICECDEBD,NO
HHAECIJDBGJGFHCBB,NO
DDIGAFEJDGADAIHAB,NO
AJIEJD,NO
GGACIHGAGGDAEI,NO
JJFIBGHECICDIEH,NO
CGDBAFEGJFJFCI,NO
DCGHAHFHDEIBBB,NO
GIGHGF,NO
JAEJGBIHJGB,NO
GFFJHAGDDHAJC,NO
GHCHDGHHHJEGHCBJCDHE,NO
BFCIDJIBCI,NO
BGJFHAH,NO
EBFHIJABEJCDFAE,NO
IDAEEDGEIA,NO
AEJAGA,NO
EEDHCCIEFEA,NO
JHBAJFJJI,NO
IDGIFFEDICCICH,NO
GBCEDB,NO
AECFIFECADEIIHGE,NO
AFIFECGBCJFHA,NO
DACGBGHCFBJDGEIAJGCA,NO
AGGCCGCGFHDIHEGEFD,NO
FEBGEAHBJABFFAJGCJA,NO
AECBGBGAEEIBCF,NO
FCCFCDAJHDCFDCB,NO
CBAJGBDHABHID,NO
GCJCBIDBGBFIFADE,NO
HGACJBBFHDAEEG,NO
FFHDCDIEGDAJECBIJ,NO
EJHDAHIAIF,NO
HDGIEEDHHDJDGJHFB,NO
IECHIHGGCFD,NO
AEFAJAGG,NO
CBDADHHC,NO
AEJFGCHJDBBIDIFECCEI,NO
EEIDCEJACDBDCAHE,NO
JGJCCJEH,NO
IJGFGEII,NO
BHICIEEA,NO
GBHIDEGGGFGFJDFFFD,NO
AHJHDFBABBIEFFHBEI,NO
GGJCAHFDDEEJDJ,NO
CAGGBF,NO
HAGBFHFECHGECADJJ,NO
GBBBDGCGD,NO
JFGDCHAFIJICAA,NO
DCFCFEEFGGDJE,NO
JCEGBBFBD,NO
HFCEFHBHEJJHCHDGEG,NO
JBICBIGGGDEJBDFAAG,NO
IGGAIIADHFDBIID,NO
GBDIFFCJBBEIAGIFGHJ,NO
ACJDBAAAFHHHDJGEC,NO
JGGABBGBAJHIGHJH,NO
IIEJCBHF,NO
ACFHCBHHIFFCDE,NO
IEEGHIADDBHFHIGFFD,NO
CDIDACGCHFHHE,NO
CDICGHDGIAJHGBE,NO
HAEECABECIJHBG,NO
ACCCDICFCJIEG,NO
FIIJHBAGDDE,NO
EAJBDFAEGGDF,NO
HDCGHFCADCHFDDI,NO
FBDFGCGCJFHBF,NO
ECFGHG,NO
BGFAFIEHJGIA,NO
GGIAFCAHI,NO
HICCIF,NO
BAAHICHCJFFHHGJBDEF,NO
CHJJJBJFH,NO
CIJGBFJJBCAHBCEBDAHA,NO
GAJGJJHGCFEDCC,NO
CDDFEFJIGJIA,NO
EJHFFGABDECE,NO
CIGAEDJGGBEICAC,NO
HJDGIFHFJHDFGGABE,NO
CHCHHJCHHEJCADAF,NO
AEJJCBIIFDHAEBJ,NO
JJADHFHAFI,NO
HJCCCIFBCBGIGGAE,NO
FFDJHFICHGEICDI,NO
AHHCFII,NO
FIGCCIHFAB,NO
FIIIIEFGIHADDFCFEGA,STEAL
BGBCJGCIDFA,NO
JDEGAAACJHIDECB,NO
CBCAFJCGCIIBAI,NO
FGFBCIEGAAF,NO
CJGDAJAEGIHIB,NO
JHFGCEDFIJGCBFIID,NO
ADJGAHGJCH,NO
CEACEAADDD,NO
EIBACEGFF,NO
ECAEJA,NO
HCFAGICCAGDFHI,NO
GCDBIJGJDCDCJBDF,NO
BAEDAIGE,NO
HGBCHDGFBBADDEHF,NO
IHBDIH,NO
IBBHAGAI,NO
IHCBDJBJEIAIHG,NO
ACHFAJCGDCACGDFAGG,NO
CGBIAIIAFCDBDCJE,NO
FJGICICIHCB,NO
DBEAEAAH,NO
FEIFDH,NO
DFBDJIF,NO
EAJIAEJGGAGHFBAEEE,NO
BDAGGGIEE,NO
GBDHICFGHHBDEBDDA,NO
FABFHIDI,NO
ECDBDCDDACBB,NO
HAHDJEDFBDIBCEDJGA,NO
GAFGEBHEHBEJCJ,NO
BBBFEDHDDFIFCIA,NO
FFBDCEFAAADAAGEGGC,NO
JEEIJHDCGFBD,NO
GBBFAEDAGBFJ,NO
AJIAAJADEFFBDGICBJHB,NO
EIGFHJJJIG,NO
JEDGABGFIAECAABF,NO
FEEFDJDJABEIJGAJDJCI,NO
BDDCFJFIGECABC,NO
ABHAEJCHDAHD,NO
HHBDHIFCDFCJJFGGGAJ,NO
JCDFBDEFGJDBFBG,NO
ICICIJEJGGF,NO
DGHJAEFFDAGJDJEBI,NO
IJJGGDGFHG,NO
FEEJDHEGFHAEIDCF,NO
GFJBJACAJDFD,NO
CHDIBEIFHFBB,NO
FICCJCBCBEBIGAIACE,NO
GJEDCEJBGICAGJI,NO
BADDBBAFHHCDADBDIFJ,NO
FHHCGCEEDHFEGCCAEC,NO
EBBCHIABIHH,NO
JGEAEDCGIHJCFCIAHG,NO
GBFABE,NO
DGGHIEEEBG,NO
ICEBBCHAABECDGCDIC,NO
CCBEHFDEB,NO
AIIAIBJHJJJDGHEEFC,NO
IBADJICBFC,NO
FEBCIHHJFJDBHD,NO
CIHBEGH,NO
DFDJHI,NO
ABGDHAJBFGGJFDGAHEHJ,NO
HBCJBFICHDEEICEF,NO
IHHFGHBGCCFFHAIIHIHH,NO
GJJEIAD,NO
JGFDCFCH,NO
BGJGCHDGHBBFBAEEHF,NO
FCGHBD,NO
BJHIDEE,NO
EFEBBIIGCFCBDIBI,NO
IEJHIDGIIHGHJCJAFG,NO
JEICEBEHCEIDID,NO
DEDDEGBDHFEEGJICEF,NO
ACEBEFE,NO
FBFDBFJJIDGGC,NO
JEAHCEGHDDJ,NO
GGGGCJAH,NO
IEDHCGABACCFG,NO
CIEDABJFHFDBA,NO
BCJGGCDHA,NO
CIDJBC,NO
DGBHGDAGEJJG,NO
JBFCBDHIBIIADAGAD,NO
HFFGBFBJJDBABI,NO
DCFDJIDCE,NO
CFBBBHCJFEDEJIIAEIJ,NO
IEBIBEHJHIIFC,NO
AFAEJIEJ,NO
JCICIADFJ,NO
HHGBJBEJICJI,NO
CBCDAAEBHDIIAFD,NO
BIAFGDAIAADADBHBIHBF,NO
AAAJDJJFDCDDFHGD,NO
DBEIDJEAIICI,NO
BGDGFICCJAFABHC,NO
HCCCFJCHJBAGC,NO
IHFDCFCBIHGDGFAGJDJD,NO
JCFFAEABC,NO
DHFCDGCBGJ,NO
DBFFBCBCI,NO
GHJFAEAEHBJD,NO
CEJHJGIAGE,NO
CBCHHHFG,NO
EHDCJGGBADGEIGBHGJ,NO
BGEEEAGFGHIEEGHIHGB,NO
EBGEHBBJEDBED,NO
CHBIEGFHDEEHABAGDIJ,NO
EFAJGEGJDBAFJ,NO
GFHDFJFCHGJBDD,NO
DBCCJFAHCDIDGH,NO
JBAIDC,NO
EJJBFDJBBEJFGCIAA,NO
BCJIAJEJBEJBBJBJAF,NO
AAJBJGJIDFGFCHJ,NO
GDFIIBFC,NO
BAEFGDDBCBAEDJJ,NO
AEIIBIJFAJ,NO
IJJGIAEICIFJEJCBI,NO
BFCHAFHGDEHDF,NO
JGHBBCFBH,NO
GHGIIAGFCCJBGAJAD,NO
GCFCBFCAAJ,NO
CIBJHGJC,NO
HBFEGD,NO
JBIFDGABB,NO
JFGCIHGCFJD,NO
EAEEGGCDBBDHEEGFG,NO
BBICFAGIEF,NO
HIIIEI,NO
CFIBIABEJ,NO
AFHCGJHDJDADAFCHFAE,NO
IEIJAHAG,NO
DDCGJCBHJHJBHEJH,NO
IJGAFEHCGFADF,NO
GIHJBHBJEGCBJCDEHID,NO
CIAFBJJEAJGFCIBEEAIF,NO
AEADIIFCAE,NO
CGIBDJGGFICIJGBB,NO
HFAHDGCDCEAEHEIA,NO
IIBGGDFAH,NO
CHCJHGDA,NO
IGHIJBEIDCDGGBCEJBEB,NO
BBAJHDIAIAGGD,NO
GCBGJCCDBGCHBI,NO
HJBHEBHBCHEADGCH,NO
BHBHFAAJFGGJHAFC,NO
FDFECIE,NO
AEAGIAHIBJGCCBBBFDC,NO
GICEBBE,NO
IFGCBE,NO
DDJCBECHICBJJDFGHAGE,NO
EFHDIBEBEFGC,NO
HEGDDCEDGJCBJFCH,NO
JGACBFA,NO
HDFHCFJEFAFFGGHJB,NO
HJDGDEJGCFHJ,NO
CIGFDEAICH,NO
FBJGBCHGD,NO
AHIAGGJBEHEFCEF,NO
JCHAFIJHDBJCE,NO
AFCJHDEGAGHCGA,NO
GFIGGICJBGCFDJCF,NO
GAECGJIDDEBIFJIIDB,NO
CCCEIIAF,NO
GIJGEBGJEDIFJ,NO
DFFDJDJ,NO
GJBEIHDICCFIHA,NO
CAHJJDDCG,NO
FDDCADJIBEIDEIJI,NO
GGJBADFHDCHCGEF,NO
FJAJGHHCDGC,NO
DHFBJHBEHGIDCFFJBAAJ,NO
IJGDBA,NO
BGAEIEAGCEA,NO
GBHAFGHIAIEDFJGIECFD,NO
EABJBIHJICDEEAGGC,NO
DFIGCAEFEIBEDGBAJF,NO
CCFJBGGGDEBHCCAC,NO
FAEJGIBCIGBIGIDCD,NO
HDHFGBG,NO
EGICDJCDBJIDCDHBED,NO
FAHDFHGFHFBJ,NO
HIJCGIDBBJFFGIC,NO
JCFCCGBIG,NO
FIBBCHDBAAHDIF,NO
BIJDHCBBJGB,NO
CBAGHDF,NO
EBFBCB,NO
BHFFHCEIFHEE,NO
DIEIHBEACHI,NO
BEECAFCEAFFCA,NO
FGIDJGH,NO
ADECIDJABH,NO
GBEDFEGIBJDGDH,NO
FJAIIFABEECIDBEBBA,NO
HGJCGJDFF,NO
ABDAAADC,NO
BBGJBFIFFDADAGG,NO
HDAAGCEE,NO
ABFCEDFFFGC,NO
ADJHFGA,NO
CGCBHDBIHICEAFCBEID,NO
IFBFIA,NO
IGECIACBEHJDIBD,NO
HHJDFGHH,NO
BCGABGIEDFJGAJGDGF,NO
BHACDBEJDFJFAHJEEAEB,NO
ICFJAGAIIHDADBH,NO
EBFIHB,NO
GAJFBJAAFDFF,NO
GJBDHCDGECABBFGB,NO
BEJJIBDEEG,NO
GADJDDIECJAECG,NO
HGECGEBEIEADJAI,NO
DIEGGHBBBECAAHCEA,NO
FBDJEIEEE,NO
HHFEADDAE,NO
FAIBAAEI,NO
GIHCCE,NO
HDDCBHJBGFGAC,NO
JICFIHIAIGDDIEGICGGJ,NO
CBJDHEBFDDHEBFAGFJC,NO
EJBJIIGH,NO
DFHGBCHEDC,NO
HDJHEBDIIJBDDA,NO
CDIDJIH,NO
CHABHFBAIBIDEJ,NO
IAGGIE,NO
GBEDBJGEJAGGHFJIEAF,NO
DEIBCDFCEGJD,NO
BEICIB,NO
JGGBHEEDHJFHGECFIHJ,NO
GBADJEJF,NO
GBDDBIE,NO
AIIFCDCIHIEJFAHG,NO
IIHJADDC,NO
BGEBHHEBJDJI,NO
CFCHDEGHECJDC,NO
BAICFCJGHDEBFDAFGF,NO
HEHFJJFFCACAIFHAA,NO
EIGGIJDJFDA,NO
FFJDCAD,NO
FCJIJIJBGBIGCCEJCE,NO
AGEAFBGFFHIBHG,NO
DHDDCAGGFF,NO
JCEDEEBIIIFE,NO
JBDGBFH,NO
ABECADEGHJIB,NO
GBIAFG,NO
JJDBHBAIC,NO
EIBCAAJHIHFJFDIIHHHF,NO
GHHJFEHEHCHDBGB,NO
IFJBBADAAAEFDDG,NO
ACEADBBFC,NO
BBIIJFDHHDCHFGIC,NO
EDCHEHJJFDEJI,NO
JAICCHII,NO
FGGDBGDAEIGICAC,NO
IBGCFAEAIGDFGJ,NO
BGAJBICHGIFCCIG,NO
CIABHJAAIJHIFA,NO
FIGBEBGC,NO
ABIFJGABGFB,NO
BDHEFGA,NO
GEBGIHG,NO
EEIBDFIIBJAHBAGGAE,NO
HHGJEFEJHCJ,NO
GHJJFC,NO
EBBGHEFBJEFCHGGGCFFH,NO
CBEFDIHHI,NO
IJGDBJEFJBIIA,NO
HCIECGJHCIEADCAEF,NO
CJDACJEFC,NO
JBFBHIDIEDIAEBJBGEIA,NO
IBBAIAGBHBAHBBCD,NO
BHFEDDEAHCHFFBFBAIEJ,NO
HGEBHGIBGCBCJJJACEJB,NO
DCIDGCFIJJ,NO
ABBBGFGFBIEGFIDDDJB,NO
IEAHCJDFCFHACB,NO
CIAGBEIHDFHD,NO
GIGIJGIHGEGF,NO
ABCBHDEDGFCGEGFEBHC,NO
FAFFIHAGHGGCHFBH,NO
HEEBAFJGGHEDHHIH,NO
AAFBEBBAGEBDBABIGI,NO
DFAJBGHBDGJHFJJIJJAJ,NO